run,profile,scale,variant,order,case_id,pair,label,cwe,lang,kind,split,decision,blocked,exit_code,wall_s,cpu_s,max_rss_mb,t_semgrep,t_gitleaks,t_syft,t_trivy,n_findings,n_blocking,n_issues,failed_tools,blocking_rules,t_syft_base
1,isolated,0,adaptive-no_sca_triage,0,H10-good,H10,good,CWE-22,java,sast,holdout,PASS,0,0,6.256,5.81,188.0,5.084,0.527,0.0,0.0,0,0,0,,,
1,isolated,0,adaptive-no_sanitizer_triage,0,H10-good,H10,good,CWE-22,java,sast,holdout,PASS,0,0,6.072,5.49,186.0,4.814,0.554,0.0,0.0,0,0,0,,,
1,isolated,0,adaptive-no_risk_threshold,0,H10-good,H10,good,CWE-22,java,sast,holdout,PASS,0,0,6.972,6.47,186.6,5.563,0.708,0.0,0.0,0,0,0,,,
1,isolated,0,adaptive-no_custom_rules,0,H10-good,H10,good,CWE-22,java,sast,holdout,PASS,0,0,5.84,5.32,187.9,4.624,0.563,0.0,0.0,0,0,0,,,
1,isolated,0,adaptive-no_language_aware,0,H10-good,H10,good,CWE-22,java,sast,holdout,PASS,0,0,9.873,9.72,229.0,8.327,0.707,0.0,0.0,0,0,0,,,
1,isolated,0,adaptive-no_differential,0,H10-good,H10,good,CWE-22,java,sast,holdout,PASS,0,0,11.835,11.52,235.0,8.76,0.525,1.543,0.087,0,0,0,,,
1,isolated,0,adaptive-no_differential,1,H05-bad,H05,bad,CWE-79,java,sast,holdout,BLOCK,1,1,12.165,11.95,258.5,9.074,0.635,1.47,0.096,2,2,1,,no-direct-response-writer;tainted-servlet-writer,
1,isolated,0,adaptive-no_language_aware,1,H05-bad,H05,bad,CWE-79,java,sast,holdout,BLOCK,1,1,11.125,10.9,251.6,9.641,0.626,0.0,0.0,2,2,1,,no-direct-response-writer;tainted-servlet-writer,
1,isolated,0,adaptive-no_custom_rules,1,H05-bad,H05,bad,CWE-79,java,sast,holdout,BLOCK,1,1,6.06,5.49,187.2,4.722,0.632,0.0,0.0,1,1,1,,no-direct-response-writer,
1,isolated,0,adaptive-no_risk_threshold,1,H05-bad,H05,bad,CWE-79,java,sast,holdout,BLOCK,1,1,6.498,5.96,188.7,5.274,0.554,0.0,0.0,2,2,1,,no-direct-response-writer;tainted-servlet-writer,
1,isolated,0,adaptive-no_sanitizer_triage,1,H05-bad,H05,bad,CWE-79,java,sast,holdout,BLOCK,1,1,6.388,5.82,188.9,5.102,0.562,0.0,0.0,2,2,1,,no-direct-response-writer;tainted-servlet-writer,
1,isolated,0,adaptive-no_sca_triage,1,H05-bad,H05,bad,CWE-79,java,sast,holdout,BLOCK,1,1,6.315,5.75,188.4,5.06,0.55,0.0,0.0,2,2,1,,no-direct-response-writer;tainted-servlet-writer,
1,isolated,0,adaptive-no_sca_triage,2,J07-good,J07,good,CWE-22,java,sast,main,PASS,0,0,6.164,5.71,187.3,4.956,0.528,0.0,0.0,0,0,0,,,
1,isolated,0,adaptive-no_sanitizer_triage,2,J07-good,J07,good,CWE-22,java,sast,main,PASS,0,0,6.494,6.12,189.1,5.348,0.498,0.0,0.0,0,0,0,,,
1,isolated,0,adaptive-no_risk_threshold,2,J07-good,J07,good,CWE-22,java,sast,main,PASS,0,0,5.705,5.19,187.6,4.564,0.512,0.0,0.0,0,0,0,,,
1,isolated,0,adaptive-no_custom_rules,2,J07-good,J07,good,CWE-22,java,sast,main,PASS,0,0,5.615,4.99,186.2,4.338,0.538,0.0,0.0,0,0,0,,,
1,isolated,0,adaptive-no_language_aware,2,J07-good,J07,good,CWE-22,java,sast,main,PASS,0,0,9.901,9.67,249.8,8.601,0.538,0.0,0.0,0,0,0,,,
1,isolated,0,adaptive-no_differential,2,J07-good,J07,good,CWE-22,java,sast,main,PASS,0,0,11.482,10.93,256.5,8.425,0.557,1.537,0.085,0,0,0,,,
1,isolated,0,adaptive-no_differential,3,H11-good,H11,good,CWE-798,java,sast,holdout,PASS,0,0,11.117,10.85,256.2,8.337,0.52,1.383,0.091,0,0,0,,,
1,isolated,0,adaptive-no_language_aware,3,H11-good,H11,good,CWE-798,java,sast,holdout,PASS,0,0,9.933,9.74,226.3,8.657,0.53,0.0,0.0,0,0,0,,,
1,isolated,0,adaptive-no_custom_rules,3,H11-good,H11,good,CWE-798,java,sast,holdout,PASS,0,0,6.312,5.76,186.7,4.944,0.651,0.0,0.0,0,0,0,,,
1,isolated,0,adaptive-no_risk_threshold,3,H11-good,H11,good,CWE-798,java,sast,holdout,PASS,0,0,6.501,5.95,187.5,5.335,0.511,0.0,0.0,0,0,0,,,
1,isolated,0,adaptive-no_sanitizer_triage,3,H11-good,H11,good,CWE-798,java,sast,holdout,PASS,0,0,6.085,5.51,187.2,4.783,0.598,0.0,0.0,0,0,0,,,
1,isolated,0,adaptive-no_sca_triage,3,H11-good,H11,good,CWE-798,java,sast,holdout,PASS,0,0,6.65,6.01,185.5,5.251,0.628,0.0,0.0,0,0,0,,,
1,isolated,0,adaptive-no_sca_triage,4,J09-good,J09,good,CWE-798,java,sast,main,PASS,0,0,6.826,6.41,187.1,5.679,0.537,0.0,0.0,0,0,0,,,
1,isolated,0,adaptive-no_sanitizer_triage,4,J09-good,J09,good,CWE-798,java,sast,main,PASS,0,0,6.33,5.76,188.1,5.09,0.557,0.0,0.0,0,0,0,,,
1,isolated,0,adaptive-no_risk_threshold,4,J09-good,J09,good,CWE-798,java,sast,main,PASS,0,0,6.196,5.64,187.5,4.998,0.524,0.0,0.0,0,0,0,,,
1,isolated,0,adaptive-no_custom_rules,4,J09-good,J09,good,CWE-798,java,sast,main,PASS,0,0,6.089,5.37,188.0,4.743,0.544,0.0,0.0,0,0,0,,,
1,isolated,0,adaptive-no_language_aware,4,J09-good,J09,good,CWE-798,java,sast,main,PASS,0,0,10.015,9.75,250.8,8.68,0.504,0.0,0.0,0,0,0,,,
1,isolated,0,adaptive-no_differential,4,J09-good,J09,good,CWE-798,java,sast,main,PASS,0,0,11.107,10.61,244.5,8.187,0.519,1.509,0.09,0,0,0,,,
1,isolated,0,adaptive-no_differential,5,J04-good,J04,good,CWE-79,java,sast,main,PASS,0,0,12.404,12.05,236.0,9.038,0.531,1.83,0.095,0,0,0,,,
1,isolated,0,adaptive-no_language_aware,5,J04-good,J04,good,CWE-79,java,sast,main,PASS,0,0,9.923,9.65,236.0,8.544,0.553,0.0,0.0,0,0,0,,,
1,isolated,0,adaptive-no_custom_rules,5,J04-good,J04,good,CWE-79,java,sast,main,PASS,0,0,5.619,5.12,187.4,4.469,0.513,0.0,0.0,0,0,0,,,
1,isolated,0,adaptive-no_risk_threshold,5,J04-good,J04,good,CWE-79,java,sast,main,PASS,0,0,6.126,5.48,187.1,4.764,0.607,0.0,0.0,0,0,0,,,
1,isolated,0,adaptive-no_sanitizer_triage,5,J04-good,J04,good,CWE-79,java,sast,main,PASS,0,0,6.219,5.47,187.8,4.677,0.674,0.0,0.0,0,0,0,,,
1,isolated,0,adaptive-no_sca_triage,5,J04-good,J04,good,CWE-79,java,sast,main,PASS,0,0,6.51,5.93,184.6,5.119,0.674,0.0,0.0,0,0,0,,,
1,isolated,0,adaptive-no_sca_triage,6,J06-bad,J06,bad,CWE-22,java,sast,main,BLOCK,1,1,7.218,6.64,188.3,5.996,0.544,0.0,0.0,4,4,1,,httpservlet-path-traversal;tainted-file-access,
1,isolated,0,adaptive-no_sanitizer_triage,6,J06-bad,J06,bad,CWE-22,java,sast,main,BLOCK,1,1,6.638,5.9,187.6,5.179,0.61,0.0,0.0,4,4,1,,httpservlet-path-traversal;tainted-file-access,
1,isolated,0,adaptive-no_risk_threshold,6,J06-bad,J06,bad,CWE-22,java,sast,main,BLOCK,1,1,6.93,6.31,187.6,5.573,0.6,0.0,0.0,4,4,1,,httpservlet-path-traversal;tainted-file-access,
1,isolated,0,adaptive-no_custom_rules,6,J06-bad,J06,bad,CWE-22,java,sast,main,BLOCK,1,1,6.241,5.63,188.0,4.869,0.642,0.0,0.0,2,2,1,,httpservlet-path-traversal,
1,isolated,0,adaptive-no_language_aware,6,J06-bad,J06,bad,CWE-22,java,sast,main,BLOCK,1,1,10.031,9.72,236.0,8.643,0.545,0.0,0.0,4,4,1,,httpservlet-path-traversal;tainted-file-access,
1,isolated,0,adaptive-no_differential,6,J06-bad,J06,bad,CWE-22,java,sast,main,BLOCK,1,1,11.92,11.47,233.6,8.865,0.517,1.564,0.088,4,4,1,,httpservlet-path-traversal;tainted-file-access,
1,isolated,0,adaptive-no_differential,7,S03-good,S03,good,CWE-1395,python,sca,main,PASS,0,0,13.772,13.53,255.9,10.545,0.526,1.633,0.099,0,0,0,,,
1,isolated,0,adaptive-no_language_aware,7,S03-good,S03,good,CWE-1395,python,sca,main,PASS,0,0,11.235,10.81,261.7,8.202,0.529,1.558,0.099,0,0,0,,,
1,isolated,0,adaptive-no_custom_rules,7,S03-good,S03,good,CWE-1395,python,sca,main,PASS,0,0,10.991,10.81,254.7,7.859,0.645,1.627,0.088,0,0,0,,,
1,isolated,0,adaptive-no_risk_threshold,7,S03-good,S03,good,CWE-1395,python,sca,main,PASS,0,0,10.655,10.29,255.5,7.461,0.617,1.69,0.098,0,0,0,,,
1,isolated,0,adaptive-no_sanitizer_triage,7,S03-good,S03,good,CWE-1395,python,sca,main,PASS,0,0,10.394,10.06,255.8,7.392,0.571,1.496,0.096,0,0,0,,,
1,isolated,0,adaptive-no_sca_triage,7,S03-good,S03,good,CWE-1395,python,sca,main,PASS,0,0,10.154,9.86,256.9,7.057,0.548,1.651,0.095,0,0,0,,,
1,isolated,0,adaptive-no_sca_triage,8,H01-bad,H01,bad,CWE-89,java,sast,holdout,BLOCK,1,1,6.465,6.0,188.9,5.274,0.551,0.0,0.0,3,3,1,,formatted-sql-string;tainted-jdbc;tainted-sql-from-http-request,
1,isolated,0,adaptive-no_sanitizer_triage,8,H01-bad,H01,bad,CWE-89,java,sast,holdout,BLOCK,1,1,6.064,5.47,186.9,4.833,0.57,0.0,0.0,3,3,1,,formatted-sql-string;tainted-jdbc;tainted-sql-from-http-request,
1,isolated,0,adaptive-no_risk_threshold,8,H01-bad,H01,bad,CWE-89,java,sast,holdout,BLOCK,1,1,6.02,5.5,189.5,4.846,0.524,0.0,0.0,3,3,1,,formatted-sql-string;tainted-jdbc;tainted-sql-from-http-request,
1,isolated,0,adaptive-no_custom_rules,8,H01-bad,H01,bad,CWE-89,java,sast,holdout,BLOCK,1,1,6.142,5.56,188.2,4.793,0.618,0.0,0.0,2,2,1,,formatted-sql-string;tainted-sql-from-http-request,
1,isolated,0,adaptive-no_language_aware,8,H01-bad,H01,bad,CWE-89,java,sast,holdout,BLOCK,1,1,11.476,11.21,249.9,9.791,0.522,0.0,0.0,3,3,1,,formatted-sql-string;tainted-jdbc;tainted-sql-from-http-request,
1,isolated,0,adaptive-no_differential,8,H01-bad,H01,bad,CWE-89,java,sast,holdout,BLOCK,1,1,12.611,11.98,254.7,9.444,0.525,1.746,0.083,3,3,1,,formatted-sql-string;tainted-jdbc;tainted-sql-from-http-request,
1,isolated,0,adaptive-no_differential,9,H06-good,H06,good,CWE-79,java,sast,holdout,PASS,0,0,12.525,11.92,256.7,8.847,0.541,1.88,0.134,0,0,0,,,
1,isolated,0,adaptive-no_language_aware,9,H06-good,H06,good,CWE-79,java,sast,holdout,PASS,0,0,12.702,12.3,249.7,11.122,0.51,0.0,0.0,0,0,0,,,
1,isolated,0,adaptive-no_custom_rules,9,H06-good,H06,good,CWE-79,java,sast,holdout,PASS,0,0,5.802,5.32,187.9,4.633,0.551,0.0,0.0,0,0,0,,,
1,isolated,0,adaptive-no_risk_threshold,9,H06-good,H06,good,CWE-79,java,sast,holdout,PASS,0,0,6.089,5.48,185.7,4.865,0.505,0.0,0.0,0,0,0,,,
1,isolated,0,adaptive-no_sanitizer_triage,9,H06-good,H06,good,CWE-79,java,sast,holdout,PASS,0,0,6.104,5.53,189.1,4.902,0.506,0.0,0.0,0,0,0,,,
1,isolated,0,adaptive-no_sca_triage,9,H06-good,H06,good,CWE-79,java,sast,holdout,PASS,0,0,6.647,6.0,187.3,5.396,0.551,0.0,0.0,0,0,0,,,
1,isolated,0,adaptive-no_sca_triage,10,J11-bad,J11,bad,CWE-798,java,sast,main,BLOCK,1,1,6.447,5.86,187.5,5.22,0.514,0.0,0.0,2,1,1,,hardcoded-credential,
1,isolated,0,adaptive-no_sanitizer_triage,10,J11-bad,J11,bad,CWE-798,java,sast,main,BLOCK,1,1,6.6,6.04,186.9,5.334,0.535,0.0,0.0,2,1,1,,hardcoded-credential,
1,isolated,0,adaptive-no_risk_threshold,10,J11-bad,J11,bad,CWE-798,java,sast,main,BLOCK,1,1,6.256,5.71,187.5,5.049,0.552,0.0,0.0,2,2,2,,hardcoded-credential;use-of-default-aes,
1,isolated,0,adaptive-no_custom_rules,10,J11-bad,J11,bad,CWE-798,java,sast,main,PASS,0,0,5.9,5.34,186.2,4.53,0.695,0.0,0.0,1,0,0,,,
1,isolated,0,adaptive-no_language_aware,10,J11-bad,J11,bad,CWE-798,java,sast,main,BLOCK,1,1,9.948,9.65,245.0,8.5,0.58,0.0,0.0,2,1,1,,hardcoded-credential,
1,isolated,0,adaptive-no_differential,10,J11-bad,J11,bad,CWE-798,java,sast,main,BLOCK,1,1,11.836,11.35,235.3,8.683,0.549,1.66,0.087,2,1,1,,hardcoded-credential,
1,isolated,0,adaptive-no_differential,11,H08-good,H08,good,CWE-22,java,sast,holdout,PASS,0,0,12.487,12.13,257.9,9.385,0.542,1.56,0.107,0,0,0,,,
1,isolated,0,adaptive-no_language_aware,11,H08-good,H08,good,CWE-22,java,sast,holdout,PASS,0,0,11.317,11.34,227.7,9.678,0.77,0.0,0.0,0,0,0,,,
1,isolated,0,adaptive-no_custom_rules,11,H08-good,H08,good,CWE-22,java,sast,holdout,PASS,0,0,7.67,7.11,186.9,5.88,1.001,0.0,0.0,0,0,0,,,
1,isolated,0,adaptive-no_risk_threshold,11,H08-good,H08,good,CWE-22,java,sast,holdout,PASS,0,0,7.057,6.33,187.5,5.623,0.606,0.0,0.0,0,0,0,,,
1,isolated,0,adaptive-no_sanitizer_triage,11,H08-good,H08,good,CWE-22,java,sast,holdout,PASS,0,0,7.086,6.37,186.7,5.61,0.578,0.0,0.0,0,0,0,,,
1,isolated,0,adaptive-no_sca_triage,11,H08-good,H08,good,CWE-22,java,sast,holdout,PASS,0,0,7.322,6.53,187.1,5.84,0.571,0.0,0.0,0,0,0,,,
1,isolated,0,adaptive-no_sca_triage,12,J08-bad,J08,bad,CWE-22,java,sast,main,BLOCK,1,1,7.71,7.12,187.4,6.171,0.779,0.0,0.0,4,4,1,,httpservlet-path-traversal;tainted-file-access,
1,isolated,0,adaptive-no_sanitizer_triage,12,J08-bad,J08,bad,CWE-22,java,sast,main,BLOCK,1,1,7.503,6.95,188.1,5.968,0.817,0.0,0.0,4,4,1,,httpservlet-path-traversal;tainted-file-access,
1,isolated,0,adaptive-no_risk_threshold,12,J08-bad,J08,bad,CWE-22,java,sast,main,BLOCK,1,1,6.399,5.82,186.5,5.078,0.543,0.0,0.0,4,4,1,,httpservlet-path-traversal;tainted-file-access,
1,isolated,0,adaptive-no_custom_rules,12,J08-bad,J08,bad,CWE-22,java,sast,main,BLOCK,1,1,6.219,5.56,187.8,4.909,0.518,0.0,0.0,2,2,1,,httpservlet-path-traversal,
1,isolated,0,adaptive-no_language_aware,12,J08-bad,J08,bad,CWE-22,java,sast,main,BLOCK,1,1,10.248,10.05,235.3,8.894,0.528,0.0,0.0,4,4,1,,httpservlet-path-traversal;tainted-file-access,
1,isolated,0,adaptive-no_differential,12,J08-bad,J08,bad,CWE-22,java,sast,main,BLOCK,1,1,12.537,12.26,257.1,9.121,0.711,1.792,0.086,4,4,1,,httpservlet-path-traversal;tainted-file-access,
1,isolated,0,adaptive-no_differential,13,P04-good,P04,good,CWE-798,python,sast,main,PASS,0,0,12.261,11.95,264.3,9.086,0.578,1.619,0.11,0,0,0,,,
1,isolated,0,adaptive-no_language_aware,13,P04-good,P04,good,CWE-798,python,sast,main,PASS,0,0,10.111,9.92,234.6,8.757,0.558,0.0,0.0,0,0,0,,,
1,isolated,0,adaptive-no_custom_rules,13,P04-good,P04,good,CWE-798,python,sast,main,PASS,0,0,7.798,7.69,250.2,6.593,0.515,0.0,0.0,0,0,0,,,
1,isolated,0,adaptive-no_risk_threshold,13,P04-good,P04,good,CWE-798,python,sast,main,PASS,0,0,8.289,8.04,250.4,7.009,0.52,0.0,0.0,0,0,0,,,
1,isolated,0,adaptive-no_sanitizer_triage,13,P04-good,P04,good,CWE-798,python,sast,main,PASS,0,0,8.099,7.98,236.8,6.654,0.638,0.0,0.0,0,0,0,,,
1,isolated,0,adaptive-no_sca_triage,13,P04-good,P04,good,CWE-798,python,sast,main,PASS,0,0,8.176,8.03,232.8,6.945,0.531,0.0,0.0,0,0,0,,,
1,isolated,0,adaptive-no_sca_triage,14,J01-bad,J01,bad,CWE-89,java,sast,main,BLOCK,1,1,6.063,5.48,189.2,4.777,0.582,0.0,0.0,3,3,1,,formatted-sql-string;tainted-jdbc;tainted-sql-from-http-request,
1,isolated,0,adaptive-no_sanitizer_triage,14,J01-bad,J01,bad,CWE-89,java,sast,main,BLOCK,1,1,6.053,5.49,188.2,4.847,0.508,0.0,0.0,3,3,1,,formatted-sql-string;tainted-jdbc;tainted-sql-from-http-request,
1,isolated,0,adaptive-no_risk_threshold,14,J01-bad,J01,bad,CWE-89,java,sast,main,BLOCK,1,1,6.078,5.51,188.0,4.83,0.536,0.0,0.0,3,3,1,,formatted-sql-string;tainted-jdbc;tainted-sql-from-http-request,
1,isolated,0,adaptive-no_custom_rules,14,J01-bad,J01,bad,CWE-89,java,sast,main,BLOCK,1,1,6.243,5.7,187.2,5.011,0.57,0.0,0.0,2,2,1,,formatted-sql-string;tainted-sql-from-http-request,
1,isolated,0,adaptive-no_language_aware,14,J01-bad,J01,bad,CWE-89,java,sast,main,BLOCK,1,1,9.685,9.38,235.7,8.262,0.614,0.0,0.0,3,3,1,,formatted-sql-string;tainted-jdbc;tainted-sql-from-http-request,
1,isolated,0,adaptive-no_differential,14,J01-bad,J01,bad,CWE-89,java,sast,main,BLOCK,1,1,11.563,11.18,234.1,8.722,0.506,1.446,0.082,3,3,1,,formatted-sql-string;tainted-jdbc;tainted-sql-from-http-request,
1,isolated,0,adaptive-no_differential,15,S04-good,S04,good,CWE-1395,java,sca,main,PASS,0,0,10.876,10.52,262.8,8.061,0.51,1.439,0.094,3,0,0,,,
1,isolated,0,adaptive-no_language_aware,15,S04-good,S04,good,CWE-1395,java,sca,main,PASS,0,0,10.955,10.55,235.3,8.069,0.498,1.494,0.087,3,0,0,,,
1,isolated,0,adaptive-no_custom_rules,15,S04-good,S04,good,CWE-1395,java,sca,main,PASS,0,0,6.953,6.39,194.0,4.345,0.524,1.259,0.083,3,0,0,,,
1,isolated,0,adaptive-no_risk_threshold,15,S04-good,S04,good,CWE-1395,java,sca,main,PASS,0,0,7.425,7.02,193.9,4.746,0.558,1.343,0.097,3,0,0,,,
1,isolated,0,adaptive-no_sanitizer_triage,15,S04-good,S04,good,CWE-1395,java,sca,main,PASS,0,0,7.481,6.92,193.3,4.81,0.501,1.341,0.088,3,0,0,,,
1,isolated,0,adaptive-no_sca_triage,15,S04-good,S04,good,CWE-1395,java,sca,main,BLOCK,1,1,7.573,7.1,194.3,5.034,0.533,1.248,0.085,3,3,1,,CVE-2026-34477;CVE-2026-34478;CVE-2026-34480,
1,isolated,0,adaptive-no_sca_triage,16,J11-good,J11,good,CWE-798,java,sast,main,PASS,0,0,5.765,5.25,187.0,4.637,0.503,0.0,0.0,1,0,0,,,
1,isolated,0,adaptive-no_sanitizer_triage,16,J11-good,J11,good,CWE-798,java,sast,main,PASS,0,0,5.641,5.16,188.1,4.543,0.497,0.0,0.0,1,0,0,,,
1,isolated,0,adaptive-no_risk_threshold,16,J11-good,J11,good,CWE-798,java,sast,main,BLOCK,1,1,5.752,5.22,187.7,4.632,0.502,0.0,0.0,1,1,1,,use-of-default-aes,
1,isolated,0,adaptive-no_custom_rules,16,J11-good,J11,good,CWE-798,java,sast,main,PASS,0,0,5.654,5.13,187.3,4.387,0.636,0.0,0.0,1,0,0,,,
1,isolated,0,adaptive-no_language_aware,16,J11-good,J11,good,CWE-798,java,sast,main,PASS,0,0,9.994,9.61,235.8,8.542,0.58,0.0,0.0,1,0,0,,,
1,isolated,0,adaptive-no_differential,16,J11-good,J11,good,CWE-798,java,sast,main,PASS,0,0,11.311,10.91,256.8,8.388,0.516,1.501,0.087,1,0,0,,,
1,isolated,0,adaptive-no_differential,17,H07-bad,H07,bad,CWE-79,java,sast,holdout,BLOCK,1,1,11.35,11.25,256.4,8.65,0.534,1.269,0.094,2,2,1,,no-direct-response-writer;tainted-servlet-writer,
1,isolated,0,adaptive-no_language_aware,17,H07-bad,H07,bad,CWE-79,java,sast,holdout,BLOCK,1,1,10.051,9.86,249.0,8.753,0.528,0.0,0.0,2,2,1,,no-direct-response-writer;tainted-servlet-writer,
1,isolated,0,adaptive-no_custom_rules,17,H07-bad,H07,bad,CWE-79,java,sast,holdout,BLOCK,1,1,5.647,5.15,187.8,4.48,0.562,0.0,0.0,1,1,1,,no-direct-response-writer,
1,isolated,0,adaptive-no_risk_threshold,17,H07-bad,H07,bad,CWE-79,java,sast,holdout,BLOCK,1,1,6.334,5.79,187.7,5.068,0.597,0.0,0.0,2,2,1,,no-direct-response-writer;tainted-servlet-writer,
1,isolated,0,adaptive-no_sanitizer_triage,17,H07-bad,H07,bad,CWE-79,java,sast,holdout,BLOCK,1,1,6.091,5.54,188.1,4.828,0.565,0.0,0.0,2,2,1,,no-direct-response-writer;tainted-servlet-writer,
1,isolated,0,adaptive-no_sca_triage,17,H07-bad,H07,bad,CWE-79,java,sast,holdout,BLOCK,1,1,6.382,5.7,186.7,5.027,0.516,0.0,0.0,2,2,1,,no-direct-response-writer;tainted-servlet-writer,
1,isolated,0,adaptive-no_sca_triage,18,J05-bad,J05,bad,CWE-79,java,sast,main,BLOCK,1,1,6.015,5.47,188.9,4.896,0.508,0.0,0.0,2,2,1,,no-direct-response-writer;tainted-servlet-writer,
1,isolated,0,adaptive-no_sanitizer_triage,18,J05-bad,J05,bad,CWE-79,java,sast,main,BLOCK,1,1,5.96,5.39,188.4,4.61,0.667,0.0,0.0,2,2,1,,no-direct-response-writer;tainted-servlet-writer,
1,isolated,0,adaptive-no_risk_threshold,18,J05-bad,J05,bad,CWE-79,java,sast,main,BLOCK,1,1,5.898,5.42,187.5,4.732,0.511,0.0,0.0,2,2,1,,no-direct-response-writer;tainted-servlet-writer,
1,isolated,0,adaptive-no_custom_rules,18,J05-bad,J05,bad,CWE-79,java,sast,main,BLOCK,1,1,5.531,5.01,187.5,4.337,0.568,0.0,0.0,1,1,1,,no-direct-response-writer,
1,isolated,0,adaptive-no_language_aware,18,J05-bad,J05,bad,CWE-79,java,sast,main,BLOCK,1,1,9.354,9.04,248.6,8.072,0.501,0.0,0.0,2,2,1,,no-direct-response-writer;tainted-servlet-writer,
1,isolated,0,adaptive-no_differential,18,J05-bad,J05,bad,CWE-79,java,sast,main,BLOCK,1,1,10.808,10.47,255.4,8.026,0.492,1.423,0.114,2,2,1,,no-direct-response-writer;tainted-servlet-writer,
1,isolated,0,adaptive-no_differential,19,H02-bad,H02,bad,CWE-89,java,sast,holdout,PASS,0,0,11.203,11.0,256.3,8.343,0.643,1.299,0.086,0,0,0,,,
1,isolated,0,adaptive-no_language_aware,19,H02-bad,H02,bad,CWE-89,java,sast,holdout,PASS,0,0,9.839,9.66,250.1,8.519,0.571,0.0,0.0,0,0,0,,,
1,isolated,0,adaptive-no_custom_rules,19,H02-bad,H02,bad,CWE-89,java,sast,holdout,PASS,0,0,5.934,5.39,188.3,4.798,0.497,0.0,0.0,0,0,0,,,
1,isolated,0,adaptive-no_risk_threshold,19,H02-bad,H02,bad,CWE-89,java,sast,holdout,PASS,0,0,6.362,5.89,187.8,5.168,0.587,0.0,0.0,0,0,0,,,
1,isolated,0,adaptive-no_sanitizer_triage,19,H02-bad,H02,bad,CWE-89,java,sast,holdout,PASS,0,0,6.088,5.59,188.7,4.872,0.573,0.0,0.0,0,0,0,,,
1,isolated,0,adaptive-no_sca_triage,19,H02-bad,H02,bad,CWE-89,java,sast,holdout,PASS,0,0,6.941,6.53,188.3,5.646,0.665,0.0,0.0,0,0,0,,,
1,isolated,0,adaptive-no_sca_triage,20,J10-good,J10,good,CWE-798,java,sast,main,PASS,0,0,5.998,5.46,186.8,4.854,0.502,0.0,0.0,0,0,0,,,
1,isolated,0,adaptive-no_sanitizer_triage,20,J10-good,J10,good,CWE-798,java,sast,main,PASS,0,0,5.793,5.19,189.0,4.597,0.507,0.0,0.0,0,0,0,,,
1,isolated,0,adaptive-no_risk_threshold,20,J10-good,J10,good,CWE-798,java,sast,main,PASS,0,0,5.779,5.27,185.6,4.607,0.558,0.0,0.0,0,0,0,,,
1,isolated,0,adaptive-no_custom_rules,20,J10-good,J10,good,CWE-798,java,sast,main,PASS,0,0,5.489,4.96,187.2,4.313,0.539,0.0,0.0,0,0,0,,,
1,isolated,0,adaptive-no_language_aware,20,J10-good,J10,good,CWE-798,java,sast,main,PASS,0,0,9.143,8.94,250.8,7.902,0.509,0.0,0.0,0,0,0,,,
1,isolated,0,adaptive-no_differential,20,J10-good,J10,good,CWE-798,java,sast,main,PASS,0,0,11.464,11.07,255.6,8.238,0.599,1.57,0.101,0,0,0,,,
1,isolated,0,adaptive-no_differential,21,H04-bad,H04,bad,CWE-89,java,sast,holdout,BLOCK,1,1,11.803,11.5,257.2,8.891,0.645,1.274,0.086,3,3,1,,formatted-sql-string;tainted-jdbc;tainted-sql-from-http-request,
1,isolated,0,adaptive-no_language_aware,21,H04-bad,H04,bad,CWE-89,java,sast,holdout,BLOCK,1,1,10.003,9.76,234.1,8.628,0.543,0.0,0.0,3,3,1,,formatted-sql-string;tainted-jdbc;tainted-sql-from-http-request,
1,isolated,0,adaptive-no_custom_rules,21,H04-bad,H04,bad,CWE-89,java,sast,holdout,BLOCK,1,1,5.561,5.06,186.6,4.444,0.511,0.0,0.0,2,2,1,,formatted-sql-string;tainted-sql-from-http-request,
1,isolated,0,adaptive-no_risk_threshold,21,H04-bad,H04,bad,CWE-89,java,sast,holdout,BLOCK,1,1,6.279,5.66,187.0,5.063,0.549,0.0,0.0,3,3,1,,formatted-sql-string;tainted-jdbc;tainted-sql-from-http-request,
1,isolated,0,adaptive-no_sanitizer_triage,21,H04-bad,H04,bad,CWE-89,java,sast,holdout,BLOCK,1,1,6.176,5.56,187.7,4.902,0.558,0.0,0.0,3,3,1,,formatted-sql-string;tainted-jdbc;tainted-sql-from-http-request,
1,isolated,0,adaptive-no_sca_triage,21,H04-bad,H04,bad,CWE-89,java,sast,holdout,BLOCK,1,1,6.381,5.78,188.7,5.125,0.577,0.0,0.0,3,3,1,,formatted-sql-string;tainted-jdbc;tainted-sql-from-http-request,
1,isolated,0,adaptive-no_sca_triage,22,S01-bad,S01,bad,CWE-1395,python,sca,main,BLOCK,1,1,9.698,9.3,255.0,6.76,0.53,1.494,0.091,1,1,1,,CVE-2020-14343,
1,isolated,0,adaptive-no_sanitizer_triage,22,S01-bad,S01,bad,CWE-1395,python,sca,main,BLOCK,1,1,10.897,10.4,255.1,7.916,0.545,1.453,0.094,1,1,1,,CVE-2020-14343,
1,isolated,0,adaptive-no_risk_threshold,22,S01-bad,S01,bad,CWE-1395,python,sca,main,BLOCK,1,1,10.425,10.22,255.1,7.639,0.599,1.268,0.09,1,1,1,,CVE-2020-14343,
1,isolated,0,adaptive-no_custom_rules,22,S01-bad,S01,bad,CWE-1395,python,sca,main,BLOCK,1,1,9.792,9.64,254.9,7.004,0.621,1.273,0.093,1,1,1,,CVE-2020-14343,
1,isolated,0,adaptive-no_language_aware,22,S01-bad,S01,bad,CWE-1395,python,sca,main,BLOCK,1,1,12.109,11.83,264.4,9.062,0.527,1.484,0.094,1,1,1,,CVE-2020-14343,
1,isolated,0,adaptive-no_differential,22,S01-bad,S01,bad,CWE-1395,python,sca,main,BLOCK,1,1,10.831,10.71,267.7,8.158,0.495,1.27,0.1,1,1,1,,CVE-2020-14343,
1,isolated,0,adaptive-no_differential,23,J08-good,J08,good,CWE-22,java,sast,main,PASS,0,0,10.7,10.47,236.2,8.005,0.534,1.223,0.09,0,0,0,,,
1,isolated,0,adaptive-no_language_aware,23,J08-good,J08,good,CWE-22,java,sast,main,PASS,0,0,10.191,9.84,241.5,8.768,0.582,0.0,0.0,0,0,0,,,
1,isolated,0,adaptive-no_custom_rules,23,J08-good,J08,good,CWE-22,java,sast,main,PASS,0,0,5.484,4.94,188.1,4.341,0.498,0.0,0.0,0,0,0,,,
1,isolated,0,adaptive-no_risk_threshold,23,J08-good,J08,good,CWE-22,java,sast,main,PASS,0,0,6.519,6.05,187.4,5.175,0.686,0.0,0.0,0,0,0,,,
1,isolated,0,adaptive-no_sanitizer_triage,23,J08-good,J08,good,CWE-22,java,sast,main,PASS,0,0,6.415,5.87,185.9,5.083,0.605,0.0,0.0,0,0,0,,,
1,isolated,0,adaptive-no_sca_triage,23,J08-good,J08,good,CWE-22,java,sast,main,PASS,0,0,5.959,5.49,186.8,4.826,0.508,0.0,0.0,0,0,0,,,
1,isolated,0,adaptive-no_sca_triage,24,J09-bad,J09,bad,CWE-798,java,sast,main,BLOCK,1,1,5.937,5.4,187.8,4.695,0.583,0.0,0.0,1,1,1,,hardcoded-credential,
1,isolated,0,adaptive-no_sanitizer_triage,24,J09-bad,J09,bad,CWE-798,java,sast,main,BLOCK,1,1,5.966,5.42,187.1,4.766,0.556,0.0,0.0,1,1,1,,hardcoded-credential,
1,isolated,0,adaptive-no_risk_threshold,24,J09-bad,J09,bad,CWE-798,java,sast,main,BLOCK,1,1,5.82,5.3,188.8,4.659,0.523,0.0,0.0,1,1,1,,hardcoded-credential,
1,isolated,0,adaptive-no_custom_rules,24,J09-bad,J09,bad,CWE-798,java,sast,main,PASS,0,0,5.533,5.0,187.3,4.373,0.534,0.0,0.0,0,0,0,,,
1,isolated,0,adaptive-no_language_aware,24,J09-bad,J09,bad,CWE-798,java,sast,main,BLOCK,1,1,9.802,9.52,243.4,8.173,0.756,0.0,0.0,1,1,1,,hardcoded-credential,
1,isolated,0,adaptive-no_differential,24,J09-bad,J09,bad,CWE-798,java,sast,main,BLOCK,1,1,12.214,11.72,227.8,8.967,0.606,1.639,0.091,1,1,1,,hardcoded-credential,
1,isolated,0,adaptive-no_differential,25,J03-good,J03,good,CWE-89,java,sast,main,PASS,0,0,10.849,10.77,235.4,8.106,0.577,1.304,0.086,0,0,0,,,
1,isolated,0,adaptive-no_language_aware,25,J03-good,J03,good,CWE-89,java,sast,main,PASS,0,0,10.437,10.27,250.1,9.158,0.558,0.0,0.0,0,0,0,,,
1,isolated,0,adaptive-no_custom_rules,25,J03-good,J03,good,CWE-89,java,sast,main,PASS,0,0,5.92,5.37,186.8,4.526,0.648,0.0,0.0,0,0,0,,,
1,isolated,0,adaptive-no_risk_threshold,25,J03-good,J03,good,CWE-89,java,sast,main,PASS,0,0,6.054,5.45,187.7,4.806,0.565,0.0,0.0,0,0,0,,,
1,isolated,0,adaptive-no_sanitizer_triage,25,J03-good,J03,good,CWE-89,java,sast,main,PASS,0,0,6.474,6.01,186.2,5.33,0.52,0.0,0.0,0,0,0,,,
1,isolated,0,adaptive-no_sca_triage,25,J03-good,J03,good,CWE-89,java,sast,main,PASS,0,0,6.141,5.6,188.1,4.982,0.502,0.0,0.0,0,0,0,,,
1,isolated,0,adaptive-no_sca_triage,26,P01-good,P01,good,CWE-89,python,sast,main,PASS,0,0,8.511,8.31,252.6,7.306,0.512,0.0,0.0,0,0,0,,,
1,isolated,0,adaptive-no_sanitizer_triage,26,P01-good,P01,good,CWE-89,python,sast,main,PASS,0,0,8.163,8.0,253.8,6.939,0.486,0.0,0.0,0,0,0,,,
1,isolated,0,adaptive-no_risk_threshold,26,P01-good,P01,good,CWE-89,python,sast,main,PASS,0,0,7.894,7.72,236.2,6.673,0.523,0.0,0.0,0,0,0,,,
1,isolated,0,adaptive-no_custom_rules,26,P01-good,P01,good,CWE-89,python,sast,main,PASS,0,0,7.901,7.99,252.5,6.708,0.514,0.0,0.0,0,0,0,,,
1,isolated,0,adaptive-no_language_aware,26,P01-good,P01,good,CWE-89,python,sast,main,PASS,0,0,9.522,9.31,257.5,8.17,0.565,0.0,0.0,0,0,0,,,
1,isolated,0,adaptive-no_differential,26,P01-good,P01,good,CWE-89,python,sast,main,PASS,0,0,11.016,10.67,232.7,8.21,0.495,1.436,0.078,0,0,0,,,
1,isolated,0,adaptive-no_differential,27,J03-bad,J03,bad,CWE-89,java,sast,main,BLOCK,1,1,10.847,10.69,255.7,8.278,0.501,1.222,0.086,1,1,1,,tainted-jdbc-nonweb,
1,isolated,0,adaptive-no_language_aware,27,J03-bad,J03,bad,CWE-89,java,sast,main,BLOCK,1,1,9.215,9.0,234.3,7.899,0.527,0.0,0.0,1,1,1,,tainted-jdbc-nonweb,
1,isolated,0,adaptive-no_custom_rules,27,J03-bad,J03,bad,CWE-89,java,sast,main,PASS,0,0,5.589,5.08,186.2,4.452,0.516,0.0,0.0,0,0,0,,,
1,isolated,0,adaptive-no_risk_threshold,27,J03-bad,J03,bad,CWE-89,java,sast,main,BLOCK,1,1,5.902,5.4,188.4,4.76,0.51,0.0,0.0,1,1,1,,tainted-jdbc-nonweb,
1,isolated,0,adaptive-no_sanitizer_triage,27,J03-bad,J03,bad,CWE-89,java,sast,main,BLOCK,1,1,5.896,5.34,187.3,4.707,0.507,0.0,0.0,1,1,1,,tainted-jdbc-nonweb,
1,isolated,0,adaptive-no_sca_triage,27,J03-bad,J03,bad,CWE-89,java,sast,main,BLOCK,1,1,5.91,5.41,190.3,4.776,0.505,0.0,0.0,1,1,1,,tainted-jdbc-nonweb,
1,isolated,0,adaptive-no_sca_triage,28,J07-bad,J07,bad,CWE-22,java,sast,main,BLOCK,1,1,6.009,5.43,188.6,4.824,0.499,0.0,0.0,2,2,1,,tainted-file-access-nonweb,
1,isolated,0,adaptive-no_sanitizer_triage,28,J07-bad,J07,bad,CWE-22,java,sast,main,BLOCK,1,1,6.151,5.59,186.4,4.902,0.609,0.0,0.0,2,2,1,,tainted-file-access-nonweb,
1,isolated,0,adaptive-no_risk_threshold,28,J07-bad,J07,bad,CWE-22,java,sast,main,BLOCK,1,1,6.195,5.7,186.9,4.899,0.645,0.0,0.0,2,2,1,,tainted-file-access-nonweb,
1,isolated,0,adaptive-no_custom_rules,28,J07-bad,J07,bad,CWE-22,java,sast,main,PASS,0,0,5.767,5.22,186.7,4.561,0.549,0.0,0.0,0,0,0,,,
1,isolated,0,adaptive-no_language_aware,28,J07-bad,J07,bad,CWE-22,java,sast,main,BLOCK,1,1,9.531,9.27,246.8,8.262,0.516,0.0,0.0,2,2,1,,tainted-file-access-nonweb,
1,isolated,0,adaptive-no_differential,28,J07-bad,J07,bad,CWE-22,java,sast,main,BLOCK,1,1,10.803,10.41,255.7,7.977,0.528,1.45,0.082,2,2,1,,tainted-file-access-nonweb,
1,isolated,0,adaptive-no_differential,29,H10-bad,H10,bad,CWE-22,java,sast,holdout,BLOCK,1,1,11.337,11.07,227.7,8.342,0.559,1.427,0.104,4,4,1,,httpservlet-path-traversal;tainted-file-access,
1,isolated,0,adaptive-no_language_aware,29,H10-bad,H10,bad,CWE-22,java,sast,holdout,BLOCK,1,1,9.948,9.92,243.2,8.527,0.592,0.0,0.0,4,4,1,,httpservlet-path-traversal;tainted-file-access,
1,isolated,0,adaptive-no_custom_rules,29,H10-bad,H10,bad,CWE-22,java,sast,holdout,BLOCK,1,1,5.709,5.21,187.4,4.551,0.514,0.0,0.0,2,2,1,,httpservlet-path-traversal,
1,isolated,0,adaptive-no_risk_threshold,29,H10-bad,H10,bad,CWE-22,java,sast,holdout,BLOCK,1,1,6.207,5.67,188.7,5.003,0.546,0.0,0.0,4,4,1,,httpservlet-path-traversal;tainted-file-access,
1,isolated,0,adaptive-no_sanitizer_triage,29,H10-bad,H10,bad,CWE-22,java,sast,holdout,BLOCK,1,1,6.199,5.63,187.0,4.963,0.533,0.0,0.0,4,4,1,,httpservlet-path-traversal;tainted-file-access,
1,isolated,0,adaptive-no_sca_triage,29,H10-bad,H10,bad,CWE-22,java,sast,holdout,BLOCK,1,1,5.942,5.44,189.0,4.807,0.52,0.0,0.0,4,4,1,,httpservlet-path-traversal;tainted-file-access,
1,isolated,0,adaptive-no_sca_triage,30,H03-bad,H03,bad,CWE-89,java,sast,holdout,BLOCK,1,1,5.901,5.29,189.1,4.668,0.512,0.0,0.0,3,3,1,,formatted-sql-string;tainted-jdbc;tainted-sql-from-http-request,
1,isolated,0,adaptive-no_sanitizer_triage,30,H03-bad,H03,bad,CWE-89,java,sast,holdout,BLOCK,1,1,6.236,5.71,188.9,5.076,0.532,0.0,0.0,3,3,1,,formatted-sql-string;tainted-jdbc;tainted-sql-from-http-request,
1,isolated,0,adaptive-no_risk_threshold,30,H03-bad,H03,bad,CWE-89,java,sast,holdout,BLOCK,1,1,5.953,5.48,188.0,4.812,0.514,0.0,0.0,3,3,1,,formatted-sql-string;tainted-jdbc;tainted-sql-from-http-request,
1,isolated,0,adaptive-no_custom_rules,30,H03-bad,H03,bad,CWE-89,java,sast,holdout,BLOCK,1,1,5.781,5.3,187.8,4.556,0.604,0.0,0.0,2,2,1,,formatted-sql-string;tainted-sql-from-http-request,
1,isolated,0,adaptive-no_language_aware,30,H03-bad,H03,bad,CWE-89,java,sast,holdout,BLOCK,1,1,9.455,9.19,250.6,8.172,0.514,0.0,0.0,3,3,1,,formatted-sql-string;tainted-jdbc;tainted-sql-from-http-request,
1,isolated,0,adaptive-no_differential,30,H03-bad,H03,bad,CWE-89,java,sast,holdout,BLOCK,1,1,11.241,11.06,258.1,8.329,0.582,1.445,0.075,3,3,1,,formatted-sql-string;tainted-jdbc;tainted-sql-from-http-request,
1,isolated,0,adaptive-no_differential,31,P02-bad,P02,bad,CWE-79,python,sast,main,BLOCK,1,1,11.558,11.5,242.5,8.559,0.556,1.517,0.088,3,2,1,,raw-html-format;tainted-flask-response,
1,isolated,0,adaptive-no_language_aware,31,P02-bad,P02,bad,CWE-79,python,sast,main,BLOCK,1,1,9.452,9.35,259.0,8.18,0.511,0.0,0.0,3,2,1,,raw-html-format;tainted-flask-response,
1,isolated,0,adaptive-no_custom_rules,31,P02-bad,P02,bad,CWE-79,python,sast,main,BLOCK,1,1,7.69,7.52,250.5,6.448,0.508,0.0,0.0,2,1,1,,raw-html-format,
1,isolated,0,adaptive-no_risk_threshold,31,P02-bad,P02,bad,CWE-79,python,sast,main,BLOCK,1,1,7.801,7.6,210.6,6.608,0.492,0.0,0.0,3,3,1,,raw-html-format;tainted-flask-response,
1,isolated,0,adaptive-no_sanitizer_triage,31,P02-bad,P02,bad,CWE-79,python,sast,main,BLOCK,1,1,7.921,7.82,251.5,6.745,0.489,0.0,0.0,3,2,1,,raw-html-format;tainted-flask-response,
1,isolated,0,adaptive-no_sca_triage,31,P02-bad,P02,bad,CWE-79,python,sast,main,BLOCK,1,1,7.837,7.69,253.0,6.643,0.492,0.0,0.0,3,2,1,,raw-html-format;tainted-flask-response,
1,isolated,0,adaptive-no_sca_triage,32,J02-good,J02,good,CWE-89,java,sast,main,PASS,0,0,5.98,5.51,188.8,4.851,0.525,0.0,0.0,0,0,0,,,
1,isolated,0,adaptive-no_sanitizer_triage,32,J02-good,J02,good,CWE-89,java,sast,main,PASS,0,0,6.537,6.04,186.8,5.37,0.529,0.0,0.0,0,0,0,,,
1,isolated,0,adaptive-no_risk_threshold,32,J02-good,J02,good,CWE-89,java,sast,main,PASS,0,0,5.986,5.41,188.6,4.751,0.501,0.0,0.0,0,0,0,,,
1,isolated,0,adaptive-no_custom_rules,32,J02-good,J02,good,CWE-89,java,sast,main,PASS,0,0,5.965,5.48,187.2,4.84,0.508,0.0,0.0,0,0,0,,,
1,isolated,0,adaptive-no_language_aware,32,J02-good,J02,good,CWE-89,java,sast,main,PASS,0,0,9.745,9.51,250.6,8.486,0.499,0.0,0.0,0,0,0,,,
1,isolated,0,adaptive-no_differential,32,J02-good,J02,good,CWE-89,java,sast,main,PASS,0,0,11.386,11.05,257.8,8.456,0.528,1.512,0.088,0,0,0,,,
1,isolated,0,adaptive-no_differential,33,J06-good,J06,good,CWE-22,java,sast,main,PASS,0,0,12.174,12.04,258.0,9.207,0.516,1.516,0.089,0,0,0,,,
1,isolated,0,adaptive-no_language_aware,33,J06-good,J06,good,CWE-22,java,sast,main,PASS,0,0,9.327,9.14,249.8,8.042,0.521,0.0,0.0,0,0,0,,,
1,isolated,0,adaptive-no_custom_rules,33,J06-good,J06,good,CWE-22,java,sast,main,PASS,0,0,6.274,5.69,187.6,5.023,0.551,0.0,0.0,0,0,0,,,
1,isolated,0,adaptive-no_risk_threshold,33,J06-good,J06,good,CWE-22,java,sast,main,PASS,0,0,6.685,6.06,187.8,5.259,0.675,0.0,0.0,0,0,0,,,
1,isolated,0,adaptive-no_sanitizer_triage,33,J06-good,J06,good,CWE-22,java,sast,main,PASS,0,0,6.256,5.67,187.9,5.009,0.547,0.0,0.0,0,0,0,,,
1,isolated,0,adaptive-no_sca_triage,33,J06-good,J06,good,CWE-22,java,sast,main,PASS,0,0,6.314,5.81,187.3,4.95,0.703,0.0,0.0,0,0,0,,,
1,isolated,0,adaptive-no_sca_triage,34,H02-good,H02,good,CWE-89,java,sast,holdout,PASS,0,0,6.746,6.33,189.7,5.486,0.594,0.0,0.0,0,0,0,,,
1,isolated,0,adaptive-no_sanitizer_triage,34,H02-good,H02,good,CWE-89,java,sast,holdout,PASS,0,0,6.864,6.26,189.6,5.626,0.528,0.0,0.0,0,0,0,,,
1,isolated,0,adaptive-no_risk_threshold,34,H02-good,H02,good,CWE-89,java,sast,holdout,PASS,0,0,5.954,5.45,190.3,4.784,0.529,0.0,0.0,0,0,0,,,
1,isolated,0,adaptive-no_custom_rules,34,H02-good,H02,good,CWE-89,java,sast,holdout,PASS,0,0,5.763,5.27,188.5,4.545,0.582,0.0,0.0,0,0,0,,,
1,isolated,0,adaptive-no_language_aware,34,H02-good,H02,good,CWE-89,java,sast,holdout,PASS,0,0,10.267,10.1,254.4,8.702,0.709,0.0,0.0,0,0,0,,,
1,isolated,0,adaptive-no_differential,34,H02-good,H02,good,CWE-89,java,sast,holdout,PASS,0,0,11.674,11.29,251.8,8.293,0.657,1.732,0.108,0,0,0,,,
1,isolated,0,adaptive-no_differential,35,H09-good,H09,good,CWE-22,java,sast,holdout,PASS,0,0,12.382,11.84,256.5,8.845,0.633,1.758,0.095,0,0,0,,,
1,isolated,0,adaptive-no_language_aware,35,H09-good,H09,good,CWE-22,java,sast,holdout,PASS,0,0,9.972,9.75,250.7,8.613,0.577,0.0,0.0,0,0,0,,,
1,isolated,0,adaptive-no_custom_rules,35,H09-good,H09,good,CWE-22,java,sast,holdout,PASS,0,0,6.016,5.46,188.1,4.773,0.559,0.0,0.0,0,0,0,,,
1,isolated,0,adaptive-no_risk_threshold,35,H09-good,H09,good,CWE-22,java,sast,holdout,PASS,0,0,6.793,6.18,188.2,5.556,0.51,0.0,0.0,0,0,0,,,
1,isolated,0,adaptive-no_sanitizer_triage,35,H09-good,H09,good,CWE-22,java,sast,holdout,PASS,0,0,6.573,6.09,188.3,5.19,0.716,0.0,0.0,0,0,0,,,
1,isolated,0,adaptive-no_sca_triage,35,H09-good,H09,good,CWE-22,java,sast,holdout,PASS,0,0,6.078,5.49,187.7,4.885,0.502,0.0,0.0,0,0,0,,,
1,isolated,0,adaptive-no_sca_triage,36,H07-good,H07,good,CWE-79,java,sast,holdout,PASS,0,0,5.947,5.43,186.5,4.827,0.511,0.0,0.0,0,0,0,,,
1,isolated,0,adaptive-no_sanitizer_triage,36,H07-good,H07,good,CWE-79,java,sast,holdout,PASS,0,0,5.756,5.25,187.7,4.604,0.537,0.0,0.0,0,0,0,,,
1,isolated,0,adaptive-no_risk_threshold,36,H07-good,H07,good,CWE-79,java,sast,holdout,PASS,0,0,6.079,5.51,187.9,4.833,0.572,0.0,0.0,0,0,0,,,
1,isolated,0,adaptive-no_custom_rules,36,H07-good,H07,good,CWE-79,java,sast,holdout,PASS,0,0,5.803,5.16,185.6,4.537,0.502,0.0,0.0,0,0,0,,,
1,isolated,0,adaptive-no_language_aware,36,H07-good,H07,good,CWE-79,java,sast,holdout,PASS,0,0,9.33,9.1,249.8,8.049,0.521,0.0,0.0,0,0,0,,,
1,isolated,0,adaptive-no_differential,36,H07-good,H07,good,CWE-79,java,sast,holdout,PASS,0,0,10.65,10.3,258.6,7.806,0.528,1.43,0.079,0,0,0,,,
1,isolated,0,adaptive-no_differential,37,P03-good,P03,good,CWE-22,python,sast,main,PASS,0,0,10.85,10.61,262.1,8.094,0.507,1.42,0.084,1,0,0,,,
1,isolated,0,adaptive-no_language_aware,37,P03-good,P03,good,CWE-22,python,sast,main,PASS,0,0,9.044,8.87,260.1,7.808,0.518,0.0,0.0,1,0,0,,,
1,isolated,0,adaptive-no_custom_rules,37,P03-good,P03,good,CWE-22,python,sast,main,PASS,0,0,7.737,7.47,254.1,6.411,0.5,0.0,0.0,1,0,0,,,
1,isolated,0,adaptive-no_risk_threshold,37,P03-good,P03,good,CWE-22,python,sast,main,PASS,0,0,7.887,7.67,251.0,6.631,0.506,0.0,0.0,1,0,0,,,
1,isolated,0,adaptive-no_sanitizer_triage,37,P03-good,P03,good,CWE-22,python,sast,main,PASS,0,0,8.243,8.17,251.3,6.941,0.544,0.0,0.0,1,0,0,,,
1,isolated,0,adaptive-no_sca_triage,37,P03-good,P03,good,CWE-22,python,sast,main,PASS,0,0,9.307,9.08,253.3,7.935,0.563,0.0,0.0,1,0,0,,,
1,isolated,0,adaptive-no_sca_triage,38,H08-bad,H08,bad,CWE-22,java,sast,holdout,BLOCK,1,1,6.444,5.88,189.5,5.251,0.513,0.0,0.0,4,4,1,,httpservlet-path-traversal;tainted-file-access,
1,isolated,0,adaptive-no_sanitizer_triage,38,H08-bad,H08,bad,CWE-22,java,sast,holdout,BLOCK,1,1,6.104,5.43,188.2,4.773,0.543,0.0,0.0,4,4,1,,httpservlet-path-traversal;tainted-file-access,
1,isolated,0,adaptive-no_risk_threshold,38,H08-bad,H08,bad,CWE-22,java,sast,holdout,BLOCK,1,1,5.972,5.44,188.8,4.781,0.536,0.0,0.0,4,4,1,,httpservlet-path-traversal;tainted-file-access,
1,isolated,0,adaptive-no_custom_rules,38,H08-bad,H08,bad,CWE-22,java,sast,holdout,BLOCK,1,1,5.645,5.08,187.6,4.481,0.498,0.0,0.0,2,2,1,,httpservlet-path-traversal,
1,isolated,0,adaptive-no_language_aware,38,H08-bad,H08,bad,CWE-22,java,sast,holdout,BLOCK,1,1,9.244,9.03,250.0,8.021,0.491,0.0,0.0,4,4,1,,httpservlet-path-traversal;tainted-file-access,
1,isolated,0,adaptive-no_differential,38,H08-bad,H08,bad,CWE-22,java,sast,holdout,BLOCK,1,1,11.477,11.12,257.0,8.724,0.49,1.401,0.074,4,4,1,,httpservlet-path-traversal;tainted-file-access,
1,isolated,0,adaptive-no_differential,39,H03-good,H03,good,CWE-89,java,sast,holdout,PASS,0,0,11.259,11.21,258.3,8.501,0.515,1.365,0.107,0,0,0,,,
1,isolated,0,adaptive-no_language_aware,39,H03-good,H03,good,CWE-89,java,sast,holdout,PASS,0,0,9.93,9.69,251.8,8.621,0.511,0.0,0.0,0,0,0,,,
1,isolated,0,adaptive-no_custom_rules,39,H03-good,H03,good,CWE-89,java,sast,holdout,PASS,0,0,5.709,5.19,187.2,4.556,0.509,0.0,0.0,0,0,0,,,
1,isolated,0,adaptive-no_risk_threshold,39,H03-good,H03,good,CWE-89,java,sast,holdout,PASS,0,0,5.959,5.43,189.0,4.812,0.494,0.0,0.0,0,0,0,,,
1,isolated,0,adaptive-no_sanitizer_triage,39,H03-good,H03,good,CWE-89,java,sast,holdout,PASS,0,0,6.003,5.5,187.3,4.849,0.517,0.0,0.0,0,0,0,,,
1,isolated,0,adaptive-no_sca_triage,39,H03-good,H03,good,CWE-89,java,sast,holdout,PASS,0,0,5.937,5.39,187.9,4.744,0.53,0.0,0.0,0,0,0,,,
1,isolated,0,adaptive-no_sca_triage,40,H06-bad,H06,bad,CWE-79,java,sast,holdout,PASS,0,0,5.803,5.25,188.5,4.681,0.494,0.0,0.0,0,0,0,,,
1,isolated,0,adaptive-no_sanitizer_triage,40,H06-bad,H06,bad,CWE-79,java,sast,holdout,PASS,0,0,5.753,5.26,187.0,4.65,0.487,0.0,0.0,0,0,0,,,
1,isolated,0,adaptive-no_risk_threshold,40,H06-bad,H06,bad,CWE-79,java,sast,holdout,PASS,0,0,5.816,5.27,187.0,4.669,0.516,0.0,0.0,0,0,0,,,
1,isolated,0,adaptive-no_custom_rules,40,H06-bad,H06,bad,CWE-79,java,sast,holdout,PASS,0,0,5.397,4.81,184.9,4.161,0.541,0.0,0.0,0,0,0,,,
1,isolated,0,adaptive-no_language_aware,40,H06-bad,H06,bad,CWE-79,java,sast,holdout,PASS,0,0,9.104,8.88,223.5,7.853,0.525,0.0,0.0,0,0,0,,,
1,isolated,0,adaptive-no_differential,40,H06-bad,H06,bad,CWE-79,java,sast,holdout,PASS,0,0,11.363,10.9,258.0,8.372,0.523,1.475,0.086,0,0,0,,,
1,isolated,0,adaptive-no_differential,41,J01-good,J01,good,CWE-89,java,sast,main,PASS,0,0,11.349,11.22,234.8,8.504,0.603,1.354,0.096,0,0,0,,,
1,isolated,0,adaptive-no_language_aware,41,J01-good,J01,good,CWE-89,java,sast,main,PASS,0,0,9.465,9.18,224.0,8.098,0.552,0.0,0.0,0,0,0,,,
1,isolated,0,adaptive-no_custom_rules,41,J01-good,J01,good,CWE-89,java,sast,main,PASS,0,0,5.704,5.17,185.6,4.557,0.504,0.0,0.0,0,0,0,,,
1,isolated,0,adaptive-no_risk_threshold,41,J01-good,J01,good,CWE-89,java,sast,main,PASS,0,0,6.406,5.84,186.9,5.195,0.551,0.0,0.0,0,0,0,,,
1,isolated,0,adaptive-no_sanitizer_triage,41,J01-good,J01,good,CWE-89,java,sast,main,PASS,0,0,6.196,5.65,188.8,4.937,0.586,0.0,0.0,0,0,0,,,
1,isolated,0,adaptive-no_sca_triage,41,J01-good,J01,good,CWE-89,java,sast,main,PASS,0,0,5.832,5.28,188.7,4.666,0.524,0.0,0.0,0,0,0,,,
1,isolated,0,adaptive-no_sca_triage,42,P02-good,P02,good,CWE-79,python,sast,main,PASS,0,0,8.268,8.14,237.5,7.038,0.518,0.0,0.0,2,0,0,,,
1,isolated,0,adaptive-no_sanitizer_triage,42,P02-good,P02,good,CWE-79,python,sast,main,BLOCK,1,1,8.849,8.54,252.7,7.398,0.51,0.0,0.0,2,1,1,,raw-html-format,
1,isolated,0,adaptive-no_risk_threshold,42,P02-good,P02,good,CWE-79,python,sast,main,PASS,0,0,9.067,8.74,251.4,7.642,0.565,0.0,0.0,2,0,0,,,
1,isolated,0,adaptive-no_custom_rules,42,P02-good,P02,good,CWE-79,python,sast,main,PASS,0,0,8.3,8.17,253.4,6.945,0.649,0.0,0.0,2,0,0,,,
1,isolated,0,adaptive-no_language_aware,42,P02-good,P02,good,CWE-79,python,sast,main,PASS,0,0,9.938,9.69,244.4,8.494,0.577,0.0,0.0,2,0,0,,,
1,isolated,0,adaptive-no_differential,42,P02-good,P02,good,CWE-79,python,sast,main,PASS,0,0,11.359,10.93,243.2,8.318,0.562,1.542,0.094,2,0,0,,,
1,isolated,0,adaptive-no_differential,43,H05-good,H05,good,CWE-79,java,sast,holdout,PASS,0,0,11.025,10.84,257.9,8.364,0.511,1.272,0.093,0,0,0,,,
1,isolated,0,adaptive-no_language_aware,43,H05-good,H05,good,CWE-79,java,sast,holdout,PASS,0,0,9.244,9.02,249.7,8.001,0.522,0.0,0.0,0,0,0,,,
1,isolated,0,adaptive-no_custom_rules,43,H05-good,H05,good,CWE-79,java,sast,holdout,PASS,0,0,5.584,4.99,187.3,4.385,0.498,0.0,0.0,0,0,0,,,
1,isolated,0,adaptive-no_risk_threshold,43,H05-good,H05,good,CWE-79,java,sast,holdout,PASS,0,0,5.737,5.2,187.1,4.562,0.504,0.0,0.0,0,0,0,,,
1,isolated,0,adaptive-no_sanitizer_triage,43,H05-good,H05,good,CWE-79,java,sast,holdout,PASS,0,0,5.703,5.17,186.7,4.575,0.495,0.0,0.0,0,0,0,,,
1,isolated,0,adaptive-no_sca_triage,43,H05-good,H05,good,CWE-79,java,sast,holdout,PASS,0,0,5.882,5.28,188.3,4.693,0.507,0.0,0.0,0,0,0,,,
1,isolated,0,adaptive-no_sca_triage,44,H09-bad,H09,bad,CWE-22,java,sast,holdout,PASS,0,0,5.761,5.24,187.9,4.612,0.497,0.0,0.0,0,0,0,,,
1,isolated,0,adaptive-no_sanitizer_triage,44,H09-bad,H09,bad,CWE-22,java,sast,holdout,PASS,0,0,5.757,5.26,188.1,4.632,0.511,0.0,0.0,0,0,0,,,
1,isolated,0,adaptive-no_risk_threshold,44,H09-bad,H09,bad,CWE-22,java,sast,holdout,PASS,0,0,5.878,5.34,188.5,4.745,0.495,0.0,0.0,0,0,0,,,
1,isolated,0,adaptive-no_custom_rules,44,H09-bad,H09,bad,CWE-22,java,sast,holdout,PASS,0,0,5.416,4.91,187.9,4.322,0.493,0.0,0.0,0,0,0,,,
1,isolated,0,adaptive-no_language_aware,44,H09-bad,H09,bad,CWE-22,java,sast,holdout,PASS,0,0,9.115,8.87,245.2,7.891,0.485,0.0,0.0,0,0,0,,,
1,isolated,0,adaptive-no_differential,44,H09-bad,H09,bad,CWE-22,java,sast,holdout,PASS,0,0,10.871,10.52,257.7,8.081,0.506,1.436,0.086,0,0,0,,,
1,isolated,0,adaptive-no_differential,45,P04-bad,P04,bad,CWE-798,python,sast,main,BLOCK,1,1,10.744,10.56,262.1,8.04,0.5,1.227,0.085,3,3,1,,generic-api-key;hardcoded-credential-variable;jwt-python-hardcoded-secret,
1,isolated,0,adaptive-no_language_aware,45,P04-bad,P04,bad,CWE-798,python,sast,main,BLOCK,1,1,9.262,9.15,230.5,8.036,0.511,0.0,0.0,3,3,1,,generic-api-key;hardcoded-credential-variable;jwt-python-hardcoded-secret,
1,isolated,0,adaptive-no_custom_rules,45,P04-bad,P04,bad,CWE-798,python,sast,main,BLOCK,1,1,7.896,7.72,249.8,6.639,0.54,0.0,0.0,2,2,1,,generic-api-key;jwt-python-hardcoded-secret,
1,isolated,0,adaptive-no_risk_threshold,45,P04-bad,P04,bad,CWE-798,python,sast,main,BLOCK,1,1,8.161,8.28,252.3,6.931,0.528,0.0,0.0,3,3,1,,generic-api-key;hardcoded-credential-variable;jwt-python-hardcoded-secret,
1,isolated,0,adaptive-no_sanitizer_triage,45,P04-bad,P04,bad,CWE-798,python,sast,main,BLOCK,1,1,7.886,7.71,250.9,6.647,0.516,0.0,0.0,3,3,1,,generic-api-key;hardcoded-credential-variable;jwt-python-hardcoded-secret,
1,isolated,0,adaptive-no_sca_triage,45,P04-bad,P04,bad,CWE-798,python,sast,main,BLOCK,1,1,7.798,7.59,252.9,6.526,0.588,0.0,0.0,3,3,1,,generic-api-key;hardcoded-credential-variable;jwt-python-hardcoded-secret,
1,isolated,0,adaptive-no_sca_triage,46,J04-bad,J04,bad,CWE-79,java,sast,main,BLOCK,1,1,5.828,5.31,188.1,4.668,0.526,0.0,0.0,2,2,1,,no-direct-response-writer;tainted-servlet-writer,
1,isolated,0,adaptive-no_sanitizer_triage,46,J04-bad,J04,bad,CWE-79,java,sast,main,BLOCK,1,1,6.027,5.52,188.3,4.85,0.532,0.0,0.0,2,2,1,,no-direct-response-writer;tainted-servlet-writer,
1,isolated,0,adaptive-no_risk_threshold,46,J04-bad,J04,bad,CWE-79,java,sast,main,BLOCK,1,1,6.134,5.56,186.9,4.92,0.518,0.0,0.0,2,2,1,,no-direct-response-writer;tainted-servlet-writer,
1,isolated,0,adaptive-no_custom_rules,46,J04-bad,J04,bad,CWE-79,java,sast,main,BLOCK,1,1,5.618,5.08,186.6,4.448,0.528,0.0,0.0,1,1,1,,no-direct-response-writer,
1,isolated,0,adaptive-no_language_aware,46,J04-bad,J04,bad,CWE-79,java,sast,main,BLOCK,1,1,9.34,9.25,249.3,8.117,0.494,0.0,0.0,2,2,1,,no-direct-response-writer;tainted-servlet-writer,
1,isolated,0,adaptive-no_differential,46,J04-bad,J04,bad,CWE-79,java,sast,main,BLOCK,1,1,11.044,10.63,255.0,8.232,0.503,1.443,0.082,2,2,1,,no-direct-response-writer;tainted-servlet-writer,
1,isolated,0,adaptive-no_differential,47,S02-bad,S02,bad,CWE-1395,java,sca,main,BLOCK,1,1,11.709,11.17,257.5,8.515,0.567,1.534,0.148,7,3,1,,CVE-2021-44228;CVE-2021-45046;CVE-2021-45105,
1,isolated,0,adaptive-no_language_aware,47,S02-bad,S02,bad,CWE-1395,java,sca,main,BLOCK,1,1,10.824,10.54,254.4,8.149,0.521,1.257,0.089,7,3,1,,CVE-2021-44228;CVE-2021-45046;CVE-2021-45105,
1,isolated,0,adaptive-no_custom_rules,47,S02-bad,S02,bad,CWE-1395,java,sca,main,BLOCK,1,1,7.105,6.6,194.2,4.573,0.503,1.259,0.083,7,3,1,,CVE-2021-44228;CVE-2021-45046;CVE-2021-45105,
1,isolated,0,adaptive-no_risk_threshold,47,S02-bad,S02,bad,CWE-1395,java,sca,main,BLOCK,1,1,7.123,6.66,194.3,4.563,0.503,1.297,0.091,7,3,1,,CVE-2021-44228;CVE-2021-45046;CVE-2021-45105,
1,isolated,0,adaptive-no_sanitizer_triage,47,S02-bad,S02,bad,CWE-1395,java,sca,main,BLOCK,1,1,7.287,6.8,194.0,4.737,0.497,1.293,0.081,7,3,1,,CVE-2021-44228;CVE-2021-45046;CVE-2021-45105,
1,isolated,0,adaptive-no_sca_triage,47,S02-bad,S02,bad,CWE-1395,java,sca,main,BLOCK,1,1,7.394,6.77,194.3,4.61,0.567,1.442,0.096,7,7,1,,CVE-2021-44228;CVE-2021-44832;CVE-2021-45046;CVE-2021-45105;CVE-2025-68161;CVE-2026-34477;CVE-2026-34480,
1,isolated,0,adaptive-no_sca_triage,48,H11-bad,H11,bad,CWE-798,java,sast,holdout,BLOCK,1,1,6.179,5.7,187.2,4.955,0.592,0.0,0.0,1,1,1,,hardcoded-credential,
1,isolated,0,adaptive-no_sanitizer_triage,48,H11-bad,H11,bad,CWE-798,java,sast,holdout,BLOCK,1,1,5.853,5.38,188.2,4.713,0.518,0.0,0.0,1,1,1,,hardcoded-credential,
1,isolated,0,adaptive-no_risk_threshold,48,H11-bad,H11,bad,CWE-798,java,sast,holdout,BLOCK,1,1,6.131,5.56,187.6,4.825,0.613,0.0,0.0,1,1,1,,hardcoded-credential,
1,isolated,0,adaptive-no_custom_rules,48,H11-bad,H11,bad,CWE-798,java,sast,holdout,PASS,0,0,5.809,5.19,186.9,4.579,0.512,0.0,0.0,0,0,0,,,
1,isolated,0,adaptive-no_language_aware,48,H11-bad,H11,bad,CWE-798,java,sast,holdout,BLOCK,1,1,9.753,9.49,251.0,8.432,0.537,0.0,0.0,1,1,1,,hardcoded-credential,
1,isolated,0,adaptive-no_differential,48,H11-bad,H11,bad,CWE-798,java,sast,holdout,BLOCK,1,1,11.416,10.94,246.9,8.42,0.5,1.545,0.087,1,1,1,,hardcoded-credential,
1,isolated,0,adaptive-no_differential,49,H01-good,H01,good,CWE-89,java,sast,holdout,PASS,0,0,11.555,11.49,232.8,8.746,0.517,1.287,0.102,0,0,0,,,
1,isolated,0,adaptive-no_language_aware,49,H01-good,H01,good,CWE-89,java,sast,holdout,PASS,0,0,10.543,10.29,226.6,9.14,0.551,0.0,0.0,0,0,0,,,
1,isolated,0,adaptive-no_custom_rules,49,H01-good,H01,good,CWE-89,java,sast,holdout,PASS,0,0,6.592,5.91,187.8,5.064,0.684,0.0,0.0,0,0,0,,,
1,isolated,0,adaptive-no_risk_threshold,49,H01-good,H01,good,CWE-89,java,sast,holdout,PASS,0,0,7.009,6.54,190.0,5.638,0.696,0.0,0.0,0,0,0,,,
1,isolated,0,adaptive-no_sanitizer_triage,49,H01-good,H01,good,CWE-89,java,sast,holdout,PASS,0,0,6.468,5.93,187.6,5.185,0.524,0.0,0.0,0,0,0,,,
1,isolated,0,adaptive-no_sca_triage,49,H01-good,H01,good,CWE-89,java,sast,holdout,PASS,0,0,6.255,5.72,190.6,5.022,0.51,0.0,0.0,0,0,0,,,
1,isolated,0,adaptive-no_sca_triage,50,H04-good,H04,good,CWE-89,java,sast,holdout,PASS,0,0,6.391,5.83,188.8,5.126,0.527,0.0,0.0,0,0,0,,,
1,isolated,0,adaptive-no_sanitizer_triage,50,H04-good,H04,good,CWE-89,java,sast,holdout,PASS,0,0,6.585,6.1,187.5,5.383,0.566,0.0,0.0,0,0,0,,,
1,isolated,0,adaptive-no_risk_threshold,50,H04-good,H04,good,CWE-89,java,sast,holdout,PASS,0,0,6.114,5.58,189.3,4.911,0.565,0.0,0.0,0,0,0,,,
1,isolated,0,adaptive-no_custom_rules,50,H04-good,H04,good,CWE-89,java,sast,holdout,PASS,0,0,5.523,5.06,188.9,4.426,0.493,0.0,0.0,0,0,0,,,
1,isolated,0,adaptive-no_language_aware,50,H04-good,H04,good,CWE-89,java,sast,holdout,PASS,0,0,9.446,9.12,251.2,8.057,0.541,0.0,0.0,0,0,0,,,
1,isolated,0,adaptive-no_differential,50,H04-good,H04,good,CWE-89,java,sast,holdout,PASS,0,0,11.564,11.17,258.8,8.676,0.508,1.451,0.086,0,0,0,,,
1,isolated,0,adaptive-no_differential,51,J05-good,J05,good,CWE-79,java,sast,main,PASS,0,0,11.103,10.87,255.1,8.428,0.487,1.261,0.082,0,0,0,,,
1,isolated,0,adaptive-no_language_aware,51,J05-good,J05,good,CWE-79,java,sast,main,PASS,0,0,9.52,9.24,249.4,8.222,0.524,0.0,0.0,0,0,0,,,
1,isolated,0,adaptive-no_custom_rules,51,J05-good,J05,good,CWE-79,java,sast,main,PASS,0,0,5.466,4.95,186.1,4.348,0.501,0.0,0.0,0,0,0,,,
1,isolated,0,adaptive-no_risk_threshold,51,J05-good,J05,good,CWE-79,java,sast,main,PASS,0,0,5.634,5.09,187.8,4.479,0.524,0.0,0.0,0,0,0,,,
1,isolated,0,adaptive-no_sanitizer_triage,51,J05-good,J05,good,CWE-79,java,sast,main,PASS,0,0,5.875,5.32,186.9,4.718,0.509,0.0,0.0,0,0,0,,,
1,isolated,0,adaptive-no_sca_triage,51,J05-good,J05,good,CWE-79,java,sast,main,PASS,0,0,5.879,5.31,186.4,4.696,0.488,0.0,0.0,0,0,0,,,
1,isolated,0,adaptive-no_sca_triage,52,P03-bad,P03,bad,CWE-22,python,sast,main,BLOCK,1,1,8.209,7.92,249.8,6.917,0.493,0.0,0.0,2,1,1,,tainted-open,
1,isolated,0,adaptive-no_sanitizer_triage,52,P03-bad,P03,bad,CWE-22,python,sast,main,BLOCK,1,1,8.07,7.82,223.3,6.828,0.489,0.0,0.0,2,1,1,,tainted-open,
1,isolated,0,adaptive-no_risk_threshold,52,P03-bad,P03,bad,CWE-22,python,sast,main,BLOCK,1,1,8.23,8.07,252.9,7.03,0.497,0.0,0.0,2,2,1,,path-traversal-open;tainted-open,
1,isolated,0,adaptive-no_custom_rules,52,P03-bad,P03,bad,CWE-22,python,sast,main,PASS,0,0,8.231,7.94,251.6,6.839,0.537,0.0,0.0,1,0,0,,,
1,isolated,0,adaptive-no_language_aware,52,P03-bad,P03,bad,CWE-22,python,sast,main,BLOCK,1,1,9.464,9.25,257.3,8.167,0.514,0.0,0.0,2,1,1,,tainted-open,
1,isolated,0,adaptive-no_differential,52,P03-bad,P03,bad,CWE-22,python,sast,main,BLOCK,1,1,10.636,10.28,245.4,7.871,0.507,1.424,0.089,2,1,1,,tainted-open,
1,isolated,0,adaptive-no_differential,53,P01-bad,P01,bad,CWE-89,python,sast,main,BLOCK,1,1,10.498,10.33,266.0,7.904,0.509,1.228,0.088,2,1,1,,tainted-dbapi,
1,isolated,0,adaptive-no_language_aware,53,P01-bad,P01,bad,CWE-89,python,sast,main,BLOCK,1,1,8.981,8.79,259.1,7.795,0.48,0.0,0.0,2,1,1,,tainted-dbapi,
1,isolated,0,adaptive-no_custom_rules,53,P01-bad,P01,bad,CWE-89,python,sast,main,PASS,0,0,7.392,7.19,253.6,6.19,0.501,0.0,0.0,1,0,0,,,
1,isolated,0,adaptive-no_risk_threshold,53,P01-bad,P01,bad,CWE-89,python,sast,main,BLOCK,1,1,8.082,7.83,252.5,6.802,0.53,0.0,0.0,2,2,2,,tainted-dbapi;tainted-sql-string,
1,isolated,0,adaptive-no_sanitizer_triage,53,P01-bad,P01,bad,CWE-89,python,sast,main,BLOCK,1,1,7.895,7.72,253.1,6.67,0.513,0.0,0.0,2,1,1,,tainted-dbapi,
1,isolated,0,adaptive-no_sca_triage,53,P01-bad,P01,bad,CWE-89,python,sast,main,BLOCK,1,1,7.832,7.62,251.9,6.591,0.544,0.0,0.0,2,1,1,,tainted-dbapi,
1,isolated,0,adaptive-no_sca_triage,54,J10-bad,J10,bad,CWE-798,java,sast,main,BLOCK,1,1,5.792,5.22,186.9,4.611,0.499,0.0,0.0,1,1,1,,hardcoded-credential,
1,isolated,0,adaptive-no_sanitizer_triage,54,J10-bad,J10,bad,CWE-798,java,sast,main,BLOCK,1,1,5.846,5.29,187.5,4.688,0.525,0.0,0.0,1,1,1,,hardcoded-credential,
1,isolated,0,adaptive-no_risk_threshold,54,J10-bad,J10,bad,CWE-798,java,sast,main,BLOCK,1,1,6.032,5.47,188.5,4.85,0.518,0.0,0.0,1,1,1,,hardcoded-credential,
1,isolated,0,adaptive-no_custom_rules,54,J10-bad,J10,bad,CWE-798,java,sast,main,PASS,0,0,5.782,5.24,186.5,4.604,0.526,0.0,0.0,0,0,0,,,
1,isolated,0,adaptive-no_language_aware,54,J10-bad,J10,bad,CWE-798,java,sast,main,BLOCK,1,1,9.485,9.24,234.8,8.19,0.507,0.0,0.0,1,1,1,,hardcoded-credential,
1,isolated,0,adaptive-no_differential,54,J10-bad,J10,bad,CWE-798,java,sast,main,BLOCK,1,1,11.324,10.94,256.5,8.553,0.506,1.384,0.079,1,1,1,,hardcoded-credential,
1,isolated,0,adaptive-no_differential,55,J02-bad,J02,bad,CWE-89,java,sast,main,BLOCK,1,1,10.558,10.32,246.7,7.907,0.504,1.26,0.083,3,3,1,,formatted-sql-string;tainted-jdbc;tainted-sql-from-http-request,
1,isolated,0,adaptive-no_language_aware,55,J02-bad,J02,bad,CWE-89,java,sast,main,BLOCK,1,1,9.518,9.27,252.0,8.221,0.516,0.0,0.0,3,3,1,,formatted-sql-string;tainted-jdbc;tainted-sql-from-http-request,
1,isolated,0,adaptive-no_custom_rules,55,J02-bad,J02,bad,CWE-89,java,sast,main,BLOCK,1,1,5.633,5.09,187.4,4.45,0.525,0.0,0.0,2,2,1,,formatted-sql-string;tainted-sql-from-http-request,
1,isolated,0,adaptive-no_risk_threshold,55,J02-bad,J02,bad,CWE-89,java,sast,main,BLOCK,1,1,6.153,5.67,188.6,4.958,0.549,0.0,0.0,3,3,1,,formatted-sql-string;tainted-jdbc;tainted-sql-from-http-request,
1,isolated,0,adaptive-no_sanitizer_triage,55,J02-bad,J02,bad,CWE-89,java,sast,main,BLOCK,1,1,5.738,5.18,187.9,4.566,0.499,0.0,0.0,3,3,1,,formatted-sql-string;tainted-jdbc;tainted-sql-from-http-request,
1,isolated,0,adaptive-no_sca_triage,55,J02-bad,J02,bad,CWE-89,java,sast,main,BLOCK,1,1,6.133,5.6,187.6,4.984,0.5,0.0,0.0,3,3,1,,formatted-sql-string;tainted-jdbc;tainted-sql-from-http-request,
1,realistic,0,adaptive-no_sca_triage,0,J08-bad,J08,bad,CWE-22,java,sast,main,BLOCK,1,1,5.72,5.23,188.3,4.597,0.509,0.0,0.0,4,4,1,,httpservlet-path-traversal;tainted-file-access,
1,realistic,0,adaptive-no_sanitizer_triage,0,J08-bad,J08,bad,CWE-22,java,sast,main,BLOCK,1,1,6.077,5.56,188.8,4.946,0.511,0.0,0.0,4,4,1,,httpservlet-path-traversal;tainted-file-access,
1,realistic,0,adaptive-no_risk_threshold,0,J08-bad,J08,bad,CWE-22,java,sast,main,BLOCK,1,1,6.193,5.62,187.9,4.923,0.589,0.0,0.0,4,4,1,,httpservlet-path-traversal;tainted-file-access,
1,realistic,0,adaptive-no_custom_rules,0,J08-bad,J08,bad,CWE-22,java,sast,main,BLOCK,1,1,5.997,5.42,187.9,4.797,0.513,0.0,0.0,2,2,1,,httpservlet-path-traversal,
1,realistic,0,adaptive-no_language_aware,0,J08-bad,J08,bad,CWE-22,java,sast,main,BLOCK,1,1,9.557,9.34,245.3,8.235,0.532,0.0,0.0,4,4,1,,httpservlet-path-traversal;tainted-file-access,
1,realistic,0,adaptive-no_differential,0,J08-bad,J08,bad,CWE-22,java,sast,main,BLOCK,1,1,11.372,11.26,240.7,8.509,0.531,1.433,0.093,10,4,1,,httpservlet-path-traversal;tainted-file-access,
1,realistic,0,adaptive-no_differential,1,J09-bad,J09,bad,CWE-798,java,sast,main,BLOCK,1,1,11.875,11.61,255.0,8.588,0.579,1.697,0.092,7,1,1,,hardcoded-credential,
1,realistic,0,adaptive-no_language_aware,1,J09-bad,J09,bad,CWE-798,java,sast,main,BLOCK,1,1,9.764,9.58,249.9,8.42,0.542,0.0,0.0,1,1,1,,hardcoded-credential,
1,realistic,0,adaptive-no_custom_rules,1,J09-bad,J09,bad,CWE-798,java,sast,main,PASS,0,0,6.796,6.22,187.1,5.552,0.552,0.0,0.0,0,0,0,,,
1,realistic,0,adaptive-no_risk_threshold,1,J09-bad,J09,bad,CWE-798,java,sast,main,BLOCK,1,1,6.203,5.64,188.5,4.961,0.578,0.0,0.0,1,1,1,,hardcoded-credential,
1,realistic,0,adaptive-no_sanitizer_triage,1,J09-bad,J09,bad,CWE-798,java,sast,main,BLOCK,1,1,6.324,5.87,187.4,5.112,0.553,0.0,0.0,1,1,1,,hardcoded-credential,
1,realistic,0,adaptive-no_sca_triage,1,J09-bad,J09,bad,CWE-798,java,sast,main,BLOCK,1,1,6.233,5.6,188.0,4.901,0.614,0.0,0.0,1,1,1,,hardcoded-credential,
1,realistic,0,adaptive-no_sca_triage,2,H09-bad,H09,bad,CWE-22,java,sast,holdout,PASS,0,0,6.147,5.59,188.1,4.811,0.66,0.0,0.0,0,0,0,,,
1,realistic,0,adaptive-no_sanitizer_triage,2,H09-bad,H09,bad,CWE-22,java,sast,holdout,PASS,0,0,6.699,6.09,188.0,5.386,0.55,0.0,0.0,0,0,0,,,
1,realistic,0,adaptive-no_risk_threshold,2,H09-bad,H09,bad,CWE-22,java,sast,holdout,PASS,0,0,5.903,5.37,188.9,4.76,0.512,0.0,0.0,0,0,0,,,
1,realistic,0,adaptive-no_custom_rules,2,H09-bad,H09,bad,CWE-22,java,sast,holdout,PASS,0,0,5.783,5.19,186.9,4.584,0.522,0.0,0.0,0,0,0,,,
1,realistic,0,adaptive-no_language_aware,2,H09-bad,H09,bad,CWE-22,java,sast,holdout,PASS,0,0,10.139,9.94,252.3,8.815,0.525,0.0,0.0,0,0,0,,,
1,realistic,0,adaptive-no_differential,2,H09-bad,H09,bad,CWE-22,java,sast,holdout,PASS,0,0,11.501,11.38,279.1,8.504,0.52,1.551,0.087,6,0,0,,,
1,realistic,0,adaptive-no_differential,3,P02-good,P02,good,CWE-79,python,sast,main,PASS,0,0,12.067,12.05,256.9,9.103,0.564,1.411,0.111,8,0,0,,,
1,realistic,0,adaptive-no_language_aware,3,P02-good,P02,good,CWE-79,python,sast,main,PASS,0,0,9.954,9.92,259.1,8.716,0.523,0.0,0.0,2,0,0,,,
1,realistic,0,adaptive-no_custom_rules,3,P02-good,P02,good,CWE-79,python,sast,main,PASS,0,0,8.728,8.76,240.6,7.29,0.684,0.0,0.0,2,0,0,,,
1,realistic,0,adaptive-no_risk_threshold,3,P02-good,P02,good,CWE-79,python,sast,main,PASS,0,0,8.556,8.32,251.2,7.256,0.525,0.0,0.0,2,0,0,,,
1,realistic,0,adaptive-no_sanitizer_triage,3,P02-good,P02,good,CWE-79,python,sast,main,BLOCK,1,1,8.157,8.08,253.1,6.902,0.538,0.0,0.0,2,1,1,,raw-html-format,
1,realistic,0,adaptive-no_sca_triage,3,P02-good,P02,good,CWE-79,python,sast,main,PASS,0,0,8.694,8.34,210.7,7.276,0.515,0.0,0.0,2,0,0,,,
1,realistic,0,adaptive-no_sca_triage,4,H10-bad,H10,bad,CWE-22,java,sast,holdout,BLOCK,1,1,6.222,5.79,187.6,5.059,0.506,0.0,0.0,4,4,1,,httpservlet-path-traversal;tainted-file-access,
1,realistic,0,adaptive-no_sanitizer_triage,4,H10-bad,H10,bad,CWE-22,java,sast,holdout,BLOCK,1,1,6.242,5.6,187.6,4.975,0.516,0.0,0.0,4,4,1,,httpservlet-path-traversal;tainted-file-access,
1,realistic,0,adaptive-no_risk_threshold,4,H10-bad,H10,bad,CWE-22,java,sast,holdout,BLOCK,1,1,6.225,5.47,188.9,4.824,0.531,0.0,0.0,4,4,1,,httpservlet-path-traversal;tainted-file-access,
1,realistic,0,adaptive-no_custom_rules,4,H10-bad,H10,bad,CWE-22,java,sast,holdout,BLOCK,1,1,5.85,5.2,188.5,4.458,0.652,0.0,0.0,2,2,1,,httpservlet-path-traversal,
1,realistic,0,adaptive-no_language_aware,4,H10-bad,H10,bad,CWE-22,java,sast,holdout,BLOCK,1,1,9.597,9.3,251.6,8.296,0.501,0.0,0.0,4,4,1,,httpservlet-path-traversal;tainted-file-access,
1,realistic,0,adaptive-no_differential,4,H10-bad,H10,bad,CWE-22,java,sast,holdout,BLOCK,1,1,11.301,11.18,248.5,8.488,0.517,1.44,0.094,10,4,1,,httpservlet-path-traversal;tainted-file-access,
1,realistic,0,adaptive-no_differential,5,P01-good,P01,good,CWE-89,python,sast,main,PASS,0,0,11.489,11.48,252.6,8.604,0.508,1.397,0.094,6,0,0,,,
1,realistic,0,adaptive-no_language_aware,5,P01-good,P01,good,CWE-89,python,sast,main,PASS,0,0,9.363,9.24,260.7,8.093,0.536,0.0,0.0,0,0,0,,,
1,realistic,0,adaptive-no_custom_rules,5,P01-good,P01,good,CWE-89,python,sast,main,PASS,0,0,7.689,7.58,253.1,6.426,0.527,0.0,0.0,0,0,0,,,
1,realistic,0,adaptive-no_risk_threshold,5,P01-good,P01,good,CWE-89,python,sast,main,PASS,0,0,7.773,7.93,252.3,6.578,0.49,0.0,0.0,0,0,0,,,
1,realistic,0,adaptive-no_sanitizer_triage,5,P01-good,P01,good,CWE-89,python,sast,main,PASS,0,0,7.888,7.68,251.1,6.688,0.491,0.0,0.0,0,0,0,,,
1,realistic,0,adaptive-no_sca_triage,5,P01-good,P01,good,CWE-89,python,sast,main,PASS,0,0,8.212,8.08,253.1,6.998,0.513,0.0,0.0,0,0,0,,,
1,realistic,0,adaptive-no_sca_triage,6,J10-bad,J10,bad,CWE-798,java,sast,main,BLOCK,1,1,5.913,5.43,186.2,4.76,0.522,0.0,0.0,1,1,1,,hardcoded-credential,
1,realistic,0,adaptive-no_sanitizer_triage,6,J10-bad,J10,bad,CWE-798,java,sast,main,BLOCK,1,1,5.81,5.21,186.6,4.622,0.515,0.0,0.0,1,1,1,,hardcoded-credential,
1,realistic,0,adaptive-no_risk_threshold,6,J10-bad,J10,bad,CWE-798,java,sast,main,BLOCK,1,1,6.059,5.54,186.6,4.91,0.508,0.0,0.0,1,1,1,,hardcoded-credential,
1,realistic,0,adaptive-no_custom_rules,6,J10-bad,J10,bad,CWE-798,java,sast,main,PASS,0,0,5.439,4.91,185.8,4.304,0.5,0.0,0.0,0,0,0,,,
1,realistic,0,adaptive-no_language_aware,6,J10-bad,J10,bad,CWE-798,java,sast,main,BLOCK,1,1,9.993,9.74,231.8,8.48,0.602,0.0,0.0,1,1,1,,hardcoded-credential,
1,realistic,0,adaptive-no_differential,6,J10-bad,J10,bad,CWE-798,java,sast,main,BLOCK,1,1,12.685,12.46,280.9,9.576,0.599,1.549,0.088,7,1,1,,hardcoded-credential,
1,realistic,0,adaptive-no_differential,7,J01-bad,J01,bad,CWE-89,java,sast,main,BLOCK,1,1,12.288,12.13,243.5,8.922,0.572,1.661,0.097,9,3,1,,formatted-sql-string;tainted-jdbc;tainted-sql-from-http-request,
1,realistic,0,adaptive-no_language_aware,7,J01-bad,J01,bad,CWE-89,java,sast,main,BLOCK,1,1,10.49,10.12,250.0,8.966,0.553,0.0,0.0,3,3,1,,formatted-sql-string;tainted-jdbc;tainted-sql-from-http-request,
1,realistic,0,adaptive-no_custom_rules,7,J01-bad,J01,bad,CWE-89,java,sast,main,BLOCK,1,1,6.224,5.59,188.0,4.89,0.54,0.0,0.0,2,2,1,,formatted-sql-string;tainted-sql-from-http-request,
1,realistic,0,adaptive-no_risk_threshold,7,J01-bad,J01,bad,CWE-89,java,sast,main,BLOCK,1,1,7.268,6.8,188.8,6.083,0.545,0.0,0.0,3,3,1,,formatted-sql-string;tainted-jdbc;tainted-sql-from-http-request,
1,realistic,0,adaptive-no_sanitizer_triage,7,J01-bad,J01,bad,CWE-89,java,sast,main,BLOCK,1,1,6.442,5.95,187.6,5.133,0.625,0.0,0.0,3,3,1,,formatted-sql-string;tainted-jdbc;tainted-sql-from-http-request,
1,realistic,0,adaptive-no_sca_triage,7,J01-bad,J01,bad,CWE-89,java,sast,main,BLOCK,1,1,6.254,5.71,188.1,5.073,0.52,0.0,0.0,3,3,1,,formatted-sql-string;tainted-jdbc;tainted-sql-from-http-request,
1,realistic,0,adaptive-no_sca_triage,8,H06-bad,H06,bad,CWE-79,java,sast,holdout,PASS,0,0,7.87,7.39,185.4,6.494,0.645,0.0,0.0,0,0,0,,,
1,realistic,0,adaptive-no_sanitizer_triage,8,H06-bad,H06,bad,CWE-79,java,sast,holdout,PASS,0,0,6.549,6.03,187.4,5.159,0.694,0.0,0.0,0,0,0,,,
1,realistic,0,adaptive-no_risk_threshold,8,H06-bad,H06,bad,CWE-79,java,sast,holdout,PASS,0,0,6.419,5.86,189.1,5.225,0.529,0.0,0.0,0,0,0,,,
1,realistic,0,adaptive-no_custom_rules,8,H06-bad,H06,bad,CWE-79,java,sast,holdout,PASS,0,0,6.226,5.66,186.7,4.939,0.604,0.0,0.0,0,0,0,,,
1,realistic,0,adaptive-no_language_aware,8,H06-bad,H06,bad,CWE-79,java,sast,holdout,PASS,0,0,10.098,9.83,245.4,8.758,0.519,0.0,0.0,0,0,0,,,
1,realistic,0,adaptive-no_differential,8,H06-bad,H06,bad,CWE-79,java,sast,holdout,PASS,0,0,12.734,12.68,280.5,9.665,0.523,1.62,0.083,6,0,0,,,
1,realistic,0,adaptive-no_differential,9,S04-good,S04,good,CWE-1395,java,sca,main,PASS,0,0,12.147,12.26,275.1,9.242,0.578,1.386,0.087,9,0,0,,,
1,realistic,0,adaptive-no_language_aware,9,S04-good,S04,good,CWE-1395,java,sca,main,PASS,0,0,11.526,10.96,259.3,8.417,0.559,1.462,0.092,3,0,0,,,
1,realistic,0,adaptive-no_custom_rules,9,S04-good,S04,good,CWE-1395,java,sca,main,PASS,0,0,7.666,7.1,193.9,4.854,0.617,1.289,0.096,3,0,0,,,
1,realistic,0,adaptive-no_risk_threshold,9,S04-good,S04,good,CWE-1395,java,sca,main,PASS,0,0,7.716,7.09,194.3,4.857,0.511,1.399,0.122,3,0,0,,,
1,realistic,0,adaptive-no_sanitizer_triage,9,S04-good,S04,good,CWE-1395,java,sca,main,PASS,0,0,7.498,6.95,194.0,4.707,0.518,1.392,0.096,3,0,0,,,
1,realistic,0,adaptive-no_sca_triage,9,S04-good,S04,good,CWE-1395,java,sca,main,BLOCK,1,1,7.587,6.99,195.4,4.699,0.516,1.442,0.145,3,3,1,,CVE-2026-34477;CVE-2026-34478;CVE-2026-34480,
1,realistic,0,adaptive-no_sca_triage,10,P04-good,P04,good,CWE-798,python,sast,main,PASS,0,0,8.49,8.21,250.9,7.023,0.651,0.0,0.0,0,0,0,,,
1,realistic,0,adaptive-no_sanitizer_triage,10,P04-good,P04,good,CWE-798,python,sast,main,PASS,0,0,8.107,7.84,252.3,6.838,0.499,0.0,0.0,0,0,0,,,
1,realistic,0,adaptive-no_risk_threshold,10,P04-good,P04,good,CWE-798,python,sast,main,PASS,0,0,7.954,7.77,235.0,6.719,0.51,0.0,0.0,0,0,0,,,
1,realistic,0,adaptive-no_custom_rules,10,P04-good,P04,good,CWE-798,python,sast,main,PASS,0,0,8.069,7.91,251.8,6.674,0.656,0.0,0.0,0,0,0,,,
1,realistic,0,adaptive-no_language_aware,10,P04-good,P04,good,CWE-798,python,sast,main,PASS,0,0,9.966,9.76,257.4,8.598,0.551,0.0,0.0,0,0,0,,,
1,realistic,0,adaptive-no_differential,10,P04-good,P04,good,CWE-798,python,sast,main,PASS,0,0,12.928,12.93,276.7,9.796,0.604,1.608,0.089,6,0,0,,,
1,realistic,0,adaptive-no_differential,11,H03-good,H03,good,CWE-89,java,sast,holdout,PASS,0,0,11.904,12.06,242.3,8.977,0.541,1.322,0.129,6,0,0,,,
1,realistic,0,adaptive-no_language_aware,11,H03-good,H03,good,CWE-89,java,sast,holdout,PASS,0,0,10.156,9.89,251.8,8.784,0.575,0.0,0.0,0,0,0,,,
1,realistic,0,adaptive-no_custom_rules,11,H03-good,H03,good,CWE-89,java,sast,holdout,PASS,0,0,6.002,5.42,186.9,4.771,0.508,0.0,0.0,0,0,0,,,
1,realistic,0,adaptive-no_risk_threshold,11,H03-good,H03,good,CWE-89,java,sast,holdout,PASS,0,0,6.277,5.76,189.5,5.044,0.567,0.0,0.0,0,0,0,,,
1,realistic,0,adaptive-no_sanitizer_triage,11,H03-good,H03,good,CWE-89,java,sast,holdout,PASS,0,0,6.09,5.6,189.1,4.981,0.51,0.0,0.0,0,0,0,,,
1,realistic,0,adaptive-no_sca_triage,11,H03-good,H03,good,CWE-89,java,sast,holdout,PASS,0,0,6.928,6.35,188.5,5.675,0.56,0.0,0.0,0,0,0,,,
1,realistic,0,adaptive-no_sca_triage,12,H02-good,H02,good,CWE-89,java,sast,holdout,PASS,0,0,6.595,6.08,188.6,5.318,0.557,0.0,0.0,0,0,0,,,
1,realistic,0,adaptive-no_sanitizer_triage,12,H02-good,H02,good,CWE-89,java,sast,holdout,PASS,0,0,6.333,5.82,187.5,5.176,0.512,0.0,0.0,0,0,0,,,
1,realistic,0,adaptive-no_risk_threshold,12,H02-good,H02,good,CWE-89,java,sast,holdout,PASS,0,0,6.317,5.65,188.1,4.932,0.586,0.0,0.0,0,0,0,,,
1,realistic,0,adaptive-no_custom_rules,12,H02-good,H02,good,CWE-89,java,sast,holdout,PASS,0,0,6.52,5.92,188.4,5.202,0.532,0.0,0.0,0,0,0,,,
1,realistic,0,adaptive-no_language_aware,12,H02-good,H02,good,CWE-89,java,sast,holdout,PASS,0,0,10.178,9.9,247.9,8.78,0.514,0.0,0.0,0,0,0,,,
1,realistic,0,adaptive-no_differential,12,H02-good,H02,good,CWE-89,java,sast,holdout,PASS,0,0,13.167,13.18,275.8,10.29,0.552,1.44,0.093,6,0,0,,,
1,realistic,0,adaptive-no_differential,13,J07-bad,J07,bad,CWE-22,java,sast,main,BLOCK,1,1,11.799,11.59,240.0,8.831,0.519,1.524,0.08,8,2,1,,tainted-file-access-nonweb,
1,realistic,0,adaptive-no_language_aware,13,J07-bad,J07,bad,CWE-22,java,sast,main,BLOCK,1,1,9.985,9.67,249.7,8.639,0.504,0.0,0.0,2,2,1,,tainted-file-access-nonweb,
1,realistic,0,adaptive-no_custom_rules,13,J07-bad,J07,bad,CWE-22,java,sast,main,PASS,0,0,5.67,5.14,186.6,4.507,0.513,0.0,0.0,0,0,0,,,
1,realistic,0,adaptive-no_risk_threshold,13,J07-bad,J07,bad,CWE-22,java,sast,main,BLOCK,1,1,6.167,5.63,187.1,4.99,0.519,0.0,0.0,2,2,1,,tainted-file-access-nonweb,
1,realistic,0,adaptive-no_sanitizer_triage,13,J07-bad,J07,bad,CWE-22,java,sast,main,BLOCK,1,1,7.004,6.35,187.4,5.601,0.604,0.0,0.0,2,2,1,,tainted-file-access-nonweb,
1,realistic,0,adaptive-no_sca_triage,13,J07-bad,J07,bad,CWE-22,java,sast,main,BLOCK,1,1,6.221,5.77,187.9,4.971,0.568,0.0,0.0,2,2,1,,tainted-file-access-nonweb,
1,realistic,0,adaptive-no_sca_triage,14,J05-good,J05,good,CWE-79,java,sast,main,PASS,0,0,6.294,5.81,187.1,4.966,0.684,0.0,0.0,0,0,0,,,
1,realistic,0,adaptive-no_sanitizer_triage,14,J05-good,J05,good,CWE-79,java,sast,main,PASS,0,0,6.218,5.62,187.2,4.881,0.602,0.0,0.0,0,0,0,,,
1,realistic,0,adaptive-no_risk_threshold,14,J05-good,J05,good,CWE-79,java,sast,main,PASS,0,0,6.76,6.04,186.0,5.405,0.518,0.0,0.0,0,0,0,,,
1,realistic,0,adaptive-no_custom_rules,14,J05-good,J05,good,CWE-79,java,sast,main,PASS,0,0,5.719,5.18,186.5,4.45,0.615,0.0,0.0,0,0,0,,,
1,realistic,0,adaptive-no_language_aware,14,J05-good,J05,good,CWE-79,java,sast,main,PASS,0,0,10.556,10.34,250.6,9.211,0.519,0.0,0.0,0,0,0,,,
1,realistic,0,adaptive-no_differential,14,J05-good,J05,good,CWE-79,java,sast,main,PASS,0,0,11.183,10.87,276.5,8.223,0.552,1.555,0.079,6,0,0,,,
1,realistic,0,adaptive-no_differential,15,H08-bad,H08,bad,CWE-22,java,sast,holdout,BLOCK,1,1,11.178,11.14,270.6,8.465,0.511,1.282,0.088,10,4,1,,httpservlet-path-traversal;tainted-file-access,
1,realistic,0,adaptive-no_language_aware,15,H08-bad,H08,bad,CWE-22,java,sast,holdout,BLOCK,1,1,9.346,9.08,246.1,8.08,0.502,0.0,0.0,4,4,1,,httpservlet-path-traversal;tainted-file-access,
1,realistic,0,adaptive-no_custom_rules,15,H08-bad,H08,bad,CWE-22,java,sast,holdout,BLOCK,1,1,5.524,4.98,188.2,4.388,0.499,0.0,0.0,2,2,1,,httpservlet-path-traversal,
1,realistic,0,adaptive-no_risk_threshold,15,H08-bad,H08,bad,CWE-22,java,sast,holdout,BLOCK,1,1,5.9,5.38,186.6,4.745,0.503,0.0,0.0,4,4,1,,httpservlet-path-traversal;tainted-file-access,
1,realistic,0,adaptive-no_sanitizer_triage,15,H08-bad,H08,bad,CWE-22,java,sast,holdout,BLOCK,1,1,5.804,5.26,188.7,4.581,0.551,0.0,0.0,4,4,1,,httpservlet-path-traversal;tainted-file-access,
1,realistic,0,adaptive-no_sca_triage,15,H08-bad,H08,bad,CWE-22,java,sast,holdout,BLOCK,1,1,5.766,5.22,189.1,4.651,0.499,0.0,0.0,4,4,1,,httpservlet-path-traversal;tainted-file-access,
1,realistic,0,adaptive-no_sca_triage,16,S02-bad,S02,bad,CWE-1395,java,sca,main,BLOCK,1,1,7.445,6.66,194.0,4.689,0.506,1.445,0.095,7,7,1,,CVE-2021-44228;CVE-2021-44832;CVE-2021-45046;CVE-2021-45105;CVE-2025-68161;CVE-2026-34477;CVE-2026-34480,
1,realistic,0,adaptive-no_sanitizer_triage,16,S02-bad,S02,bad,CWE-1395,java,sca,main,BLOCK,1,1,7.518,7.02,194.4,4.885,0.553,1.279,0.096,7,3,1,,CVE-2021-44228;CVE-2021-45046;CVE-2021-45105,
1,realistic,0,adaptive-no_risk_threshold,16,S02-bad,S02,bad,CWE-1395,java,sca,main,BLOCK,1,1,7.516,6.9,194.0,4.799,0.512,1.424,0.092,7,3,1,,CVE-2021-44228;CVE-2021-45046;CVE-2021-45105,
1,realistic,0,adaptive-no_custom_rules,16,S02-bad,S02,bad,CWE-1395,java,sca,main,BLOCK,1,1,7.007,6.48,194.2,4.37,0.564,1.306,0.085,7,3,1,,CVE-2021-44228;CVE-2021-45046;CVE-2021-45105,
1,realistic,0,adaptive-no_language_aware,16,S02-bad,S02,bad,CWE-1395,java,sca,main,BLOCK,1,1,11.844,11.64,232.1,8.752,0.66,1.488,0.094,7,3,1,,CVE-2021-44228;CVE-2021-45046;CVE-2021-45105,
1,realistic,0,adaptive-no_differential,16,S02-bad,S02,bad,CWE-1395,java,sca,main,BLOCK,1,1,11.042,11.01,279.5,8.381,0.49,1.255,0.094,13,3,1,,CVE-2021-44228;CVE-2021-45046;CVE-2021-45105,
1,realistic,0,adaptive-no_differential,17,P03-good,P03,good,CWE-22,python,sast,main,PASS,0,0,11.391,11.13,240.5,8.352,0.543,1.519,0.097,7,0,0,,,
1,realistic,0,adaptive-no_language_aware,17,P03-good,P03,good,CWE-22,python,sast,main,PASS,0,0,9.269,9.03,219.3,7.999,0.513,0.0,0.0,1,0,0,,,
1,realistic,0,adaptive-no_custom_rules,17,P03-good,P03,good,CWE-22,python,sast,main,PASS,0,0,7.625,7.42,251.4,6.374,0.502,0.0,0.0,1,0,0,,,
1,realistic,0,adaptive-no_risk_threshold,17,P03-good,P03,good,CWE-22,python,sast,main,PASS,0,0,8.027,7.8,251.5,6.835,0.507,0.0,0.0,1,0,0,,,
1,realistic,0,adaptive-no_sanitizer_triage,17,P03-good,P03,good,CWE-22,python,sast,main,PASS,0,0,7.899,7.71,252.1,6.709,0.486,0.0,0.0,1,0,0,,,
1,realistic,0,adaptive-no_sca_triage,17,P03-good,P03,good,CWE-22,python,sast,main,PASS,0,0,8.132,7.97,253.8,6.952,0.516,0.0,0.0,1,0,0,,,
1,realistic,0,adaptive-no_sca_triage,18,H03-bad,H03,bad,CWE-89,java,sast,holdout,BLOCK,1,1,7.632,7.28,186.8,6.172,0.77,0.0,0.0,3,3,1,,formatted-sql-string;tainted-jdbc;tainted-sql-from-http-request,
1,realistic,0,adaptive-no_sanitizer_triage,18,H03-bad,H03,bad,CWE-89,java,sast,holdout,BLOCK,1,1,8.005,7.42,187.2,6.556,0.659,0.0,0.0,3,3,1,,formatted-sql-string;tainted-jdbc;tainted-sql-from-http-request,
1,realistic,0,adaptive-no_risk_threshold,18,H03-bad,H03,bad,CWE-89,java,sast,holdout,BLOCK,1,1,8.887,8.26,189.7,7.352,0.716,0.0,0.0,3,3,1,,formatted-sql-string;tainted-jdbc;tainted-sql-from-http-request,
1,realistic,0,adaptive-no_custom_rules,18,H03-bad,H03,bad,CWE-89,java,sast,holdout,BLOCK,1,1,7.513,6.92,186.3,5.871,0.803,0.0,0.0,2,2,1,,formatted-sql-string;tainted-sql-from-http-request,
1,realistic,0,adaptive-no_language_aware,18,H03-bad,H03,bad,CWE-89,java,sast,holdout,BLOCK,1,1,11.832,11.58,250.2,10.268,0.622,0.0,0.0,3,3,1,,formatted-sql-string;tainted-jdbc;tainted-sql-from-http-request,
1,realistic,0,adaptive-no_differential,18,H03-bad,H03,bad,CWE-89,java,sast,holdout,BLOCK,1,1,14.879,15.27,238.9,11.072,0.759,1.9,0.125,9,3,1,,formatted-sql-string;tainted-jdbc;tainted-sql-from-http-request,
1,realistic,0,adaptive-no_differential,19,J02-bad,J02,bad,CWE-89,java,sast,main,BLOCK,1,1,13.712,13.73,246.1,10.405,0.612,1.641,0.104,9,3,1,,formatted-sql-string;tainted-jdbc;tainted-sql-from-http-request,
1,realistic,0,adaptive-no_language_aware,19,J02-bad,J02,bad,CWE-89,java,sast,main,BLOCK,1,1,11.255,11.08,235.2,9.746,0.627,0.0,0.0,3,3,1,,formatted-sql-string;tainted-jdbc;tainted-sql-from-http-request,
1,realistic,0,adaptive-no_custom_rules,19,J02-bad,J02,bad,CWE-89,java,sast,main,BLOCK,1,1,6.363,5.8,187.8,5.148,0.513,0.0,0.0,2,2,1,,formatted-sql-string;tainted-sql-from-http-request,
1,realistic,0,adaptive-no_risk_threshold,19,J02-bad,J02,bad,CWE-89,java,sast,main,BLOCK,1,1,5.989,5.42,186.3,4.823,0.508,0.0,0.0,3,3,1,,formatted-sql-string;tainted-jdbc;tainted-sql-from-http-request,
1,realistic,0,adaptive-no_sanitizer_triage,19,J02-bad,J02,bad,CWE-89,java,sast,main,BLOCK,1,1,6.028,5.5,189.2,4.864,0.518,0.0,0.0,3,3,1,,formatted-sql-string;tainted-jdbc;tainted-sql-from-http-request,
1,realistic,0,adaptive-no_sca_triage,19,J02-bad,J02,bad,CWE-89,java,sast,main,BLOCK,1,1,5.85,5.32,187.2,4.701,0.509,0.0,0.0,3,3,1,,formatted-sql-string;tainted-jdbc;tainted-sql-from-http-request,
1,realistic,0,adaptive-no_sca_triage,20,H05-good,H05,good,CWE-79,java,sast,holdout,PASS,0,0,5.94,5.34,187.0,4.734,0.515,0.0,0.0,0,0,0,,,
1,realistic,0,adaptive-no_sanitizer_triage,20,H05-good,H05,good,CWE-79,java,sast,holdout,PASS,0,0,5.877,5.37,186.0,4.752,0.512,0.0,0.0,0,0,0,,,
1,realistic,0,adaptive-no_risk_threshold,20,H05-good,H05,good,CWE-79,java,sast,holdout,PASS,0,0,5.903,5.32,186.7,4.757,0.5,0.0,0.0,0,0,0,,,
1,realistic,0,adaptive-no_custom_rules,20,H05-good,H05,good,CWE-79,java,sast,holdout,PASS,0,0,6.217,5.75,185.8,4.915,0.646,0.0,0.0,0,0,0,,,
1,realistic,0,adaptive-no_language_aware,20,H05-good,H05,good,CWE-79,java,sast,holdout,PASS,0,0,11.135,10.98,249.3,9.601,0.627,0.0,0.0,0,0,0,,,
1,realistic,0,adaptive-no_differential,20,H05-good,H05,good,CWE-79,java,sast,holdout,PASS,0,0,12.576,12.43,276.5,9.298,0.57,1.741,0.111,6,0,0,,,
1,realistic,0,adaptive-no_differential,21,S01-bad,S01,bad,CWE-1395,python,sca,main,BLOCK,1,1,11.402,11.56,280.7,8.674,0.505,1.318,0.088,7,1,1,,CVE-2020-14343,
1,realistic,0,adaptive-no_language_aware,21,S01-bad,S01,bad,CWE-1395,python,sca,main,BLOCK,1,1,12.241,12.38,261.5,9.367,0.569,1.367,0.09,1,1,1,,CVE-2020-14343,
1,realistic,0,adaptive-no_custom_rules,21,S01-bad,S01,bad,CWE-1395,python,sca,main,BLOCK,1,1,9.657,9.62,229.8,6.777,0.525,1.515,0.086,1,1,1,,CVE-2020-14343,
1,realistic,0,adaptive-no_risk_threshold,21,S01-bad,S01,bad,CWE-1395,python,sca,main,BLOCK,1,1,10.272,10.07,255.7,7.36,0.558,1.428,0.094,1,1,1,,CVE-2020-14343,
1,realistic,0,adaptive-no_sanitizer_triage,21,S01-bad,S01,bad,CWE-1395,python,sca,main,BLOCK,1,1,10.543,10.32,257.8,7.641,0.584,1.333,0.093,1,1,1,,CVE-2020-14343,
1,realistic,0,adaptive-no_sca_triage,21,S01-bad,S01,bad,CWE-1395,python,sca,main,BLOCK,1,1,9.523,9.13,256.8,6.699,0.519,1.451,0.087,1,1,1,,CVE-2020-14343,
1,realistic,0,adaptive-no_sca_triage,22,H05-bad,H05,bad,CWE-79,java,sast,holdout,BLOCK,1,1,5.89,5.34,188.3,4.683,0.538,0.0,0.0,2,2,1,,no-direct-response-writer;tainted-servlet-writer,
1,realistic,0,adaptive-no_sanitizer_triage,22,H05-bad,H05,bad,CWE-79,java,sast,holdout,BLOCK,1,1,6.54,5.97,186.1,5.26,0.579,0.0,0.0,2,2,1,,no-direct-response-writer;tainted-servlet-writer,
1,realistic,0,adaptive-no_risk_threshold,22,H05-bad,H05,bad,CWE-79,java,sast,holdout,BLOCK,1,1,6.357,5.81,188.3,5.136,0.556,0.0,0.0,2,2,1,,no-direct-response-writer;tainted-servlet-writer,
1,realistic,0,adaptive-no_custom_rules,22,H05-bad,H05,bad,CWE-79,java,sast,holdout,BLOCK,1,1,5.649,5.14,186.9,4.514,0.513,0.0,0.0,1,1,1,,no-direct-response-writer,
1,realistic,0,adaptive-no_language_aware,22,H05-bad,H05,bad,CWE-79,java,sast,holdout,BLOCK,1,1,9.693,9.44,250.5,8.269,0.631,0.0,0.0,2,2,1,,no-direct-response-writer;tainted-servlet-writer,
1,realistic,0,adaptive-no_differential,22,H05-bad,H05,bad,CWE-79,java,sast,holdout,BLOCK,1,1,12.275,12.25,256.5,9.16,0.518,1.628,0.096,8,2,1,,no-direct-response-writer;tainted-servlet-writer,
1,realistic,0,adaptive-no_differential,23,J01-good,J01,good,CWE-89,java,sast,main,PASS,0,0,13.012,13.19,279.2,9.322,0.578,1.997,0.118,6,0,0,,,
1,realistic,0,adaptive-no_language_aware,23,J01-good,J01,good,CWE-89,java,sast,main,PASS,0,0,11.448,11.14,250.9,9.856,0.629,0.0,0.0,0,0,0,,,
1,realistic,0,adaptive-no_custom_rules,23,J01-good,J01,good,CWE-89,java,sast,main,PASS,0,0,6.441,5.78,186.2,5.039,0.616,0.0,0.0,0,0,0,,,
1,realistic,0,adaptive-no_risk_threshold,23,J01-good,J01,good,CWE-89,java,sast,main,PASS,0,0,5.982,5.45,188.5,4.844,0.516,0.0,0.0,0,0,0,,,
1,realistic,0,adaptive-no_sanitizer_triage,23,J01-good,J01,good,CWE-89,java,sast,main,PASS,0,0,5.902,5.37,187.8,4.709,0.519,0.0,0.0,0,0,0,,,
1,realistic,0,adaptive-no_sca_triage,23,J01-good,J01,good,CWE-89,java,sast,main,PASS,0,0,6.267,5.79,187.8,5.06,0.565,0.0,0.0,0,0,0,,,
1,realistic,0,adaptive-no_sca_triage,24,J07-good,J07,good,CWE-22,java,sast,main,PASS,0,0,6.314,5.68,187.6,5.077,0.529,0.0,0.0,0,0,0,,,
1,realistic,0,adaptive-no_sanitizer_triage,24,J07-good,J07,good,CWE-22,java,sast,main,PASS,0,0,6.933,6.37,187.8,5.711,0.523,0.0,0.0,0,0,0,,,
1,realistic,0,adaptive-no_risk_threshold,24,J07-good,J07,good,CWE-22,java,sast,main,PASS,0,0,6.335,5.8,187.7,5.156,0.503,0.0,0.0,0,0,0,,,
1,realistic,0,adaptive-no_custom_rules,24,J07-good,J07,good,CWE-22,java,sast,main,PASS,0,0,6.096,5.56,186.3,4.859,0.586,0.0,0.0,0,0,0,,,
1,realistic,0,adaptive-no_language_aware,24,J07-good,J07,good,CWE-22,java,sast,main,PASS,0,0,10.57,10.34,234.8,9.104,0.64,0.0,0.0,0,0,0,,,
1,realistic,0,adaptive-no_differential,24,J07-good,J07,good,CWE-22,java,sast,main,PASS,0,0,11.336,11.15,279.6,8.431,0.5,1.514,0.089,6,0,0,,,
1,realistic,0,adaptive-no_differential,25,H01-bad,H01,bad,CWE-89,java,sast,holdout,BLOCK,1,1,11.095,11.09,277.5,8.307,0.514,1.373,0.091,9,3,1,,formatted-sql-string;tainted-jdbc;tainted-sql-from-http-request,
1,realistic,0,adaptive-no_language_aware,25,H01-bad,H01,bad,CWE-89,java,sast,holdout,BLOCK,1,1,9.42,9.23,247.0,8.009,0.653,0.0,0.0,3,3,1,,formatted-sql-string;tainted-jdbc;tainted-sql-from-http-request,
1,realistic,0,adaptive-no_custom_rules,25,H01-bad,H01,bad,CWE-89,java,sast,holdout,BLOCK,1,1,5.497,4.99,187.2,4.392,0.502,0.0,0.0,2,2,1,,formatted-sql-string;tainted-sql-from-http-request,
1,realistic,0,adaptive-no_risk_threshold,25,H01-bad,H01,bad,CWE-89,java,sast,holdout,BLOCK,1,1,6.396,5.75,188.4,5.104,0.518,0.0,0.0,3,3,1,,formatted-sql-string;tainted-jdbc;tainted-sql-from-http-request,
1,realistic,0,adaptive-no_sanitizer_triage,25,H01-bad,H01,bad,CWE-89,java,sast,holdout,BLOCK,1,1,6.753,5.88,188.9,5.251,0.496,0.0,0.0,3,3,1,,formatted-sql-string;tainted-jdbc;tainted-sql-from-http-request,
1,realistic,0,adaptive-no_sca_triage,25,H01-bad,H01,bad,CWE-89,java,sast,holdout,BLOCK,1,1,5.855,5.36,188.6,4.706,0.521,0.0,0.0,3,3,1,,formatted-sql-string;tainted-jdbc;tainted-sql-from-http-request,
1,realistic,0,adaptive-no_sca_triage,26,H07-bad,H07,bad,CWE-79,java,sast,holdout,BLOCK,1,1,5.723,5.17,187.6,4.573,0.501,0.0,0.0,2,2,1,,no-direct-response-writer;tainted-servlet-writer,
1,realistic,0,adaptive-no_sanitizer_triage,26,H07-bad,H07,bad,CWE-79,java,sast,holdout,BLOCK,1,1,5.927,5.39,187.1,4.714,0.586,0.0,0.0,2,2,1,,no-direct-response-writer;tainted-servlet-writer,
1,realistic,0,adaptive-no_risk_threshold,26,H07-bad,H07,bad,CWE-79,java,sast,holdout,BLOCK,1,1,5.889,5.3,188.7,4.704,0.52,0.0,0.0,2,2,1,,no-direct-response-writer;tainted-servlet-writer,
1,realistic,0,adaptive-no_custom_rules,26,H07-bad,H07,bad,CWE-79,java,sast,holdout,BLOCK,1,1,5.659,5.14,187.1,4.511,0.514,0.0,0.0,1,1,1,,no-direct-response-writer,
1,realistic,0,adaptive-no_language_aware,26,H07-bad,H07,bad,CWE-79,java,sast,holdout,BLOCK,1,1,9.39,9.16,245.6,8.088,0.549,0.0,0.0,2,2,1,,no-direct-response-writer;tainted-servlet-writer,
1,realistic,0,adaptive-no_differential,26,H07-bad,H07,bad,CWE-79,java,sast,holdout,BLOCK,1,1,12.923,12.7,279.9,9.735,0.542,1.581,0.086,8,2,1,,no-direct-response-writer;tainted-servlet-writer,
1,realistic,0,adaptive-no_differential,27,H07-good,H07,good,CWE-79,java,sast,holdout,PASS,0,0,12.735,12.47,244.4,9.099,0.981,1.585,0.094,6,0,0,,,
1,realistic,0,adaptive-no_language_aware,27,H07-good,H07,good,CWE-79,java,sast,holdout,PASS,0,0,10.032,9.78,251.1,8.542,0.634,0.0,0.0,0,0,0,,,
1,realistic,0,adaptive-no_custom_rules,27,H07-good,H07,good,CWE-79,java,sast,holdout,PASS,0,0,5.838,5.27,188.2,4.618,0.532,0.0,0.0,0,0,0,,,
1,realistic,0,adaptive-no_risk_threshold,27,H07-good,H07,good,CWE-79,java,sast,holdout,PASS,0,0,6.156,5.59,187.4,4.946,0.535,0.0,0.0,0,0,0,,,
1,realistic,0,adaptive-no_sanitizer_triage,27,H07-good,H07,good,CWE-79,java,sast,holdout,PASS,0,0,6.296,5.78,186.8,5.123,0.524,0.0,0.0,0,0,0,,,
1,realistic,0,adaptive-no_sca_triage,27,H07-good,H07,good,CWE-79,java,sast,holdout,PASS,0,0,6.231,5.71,187.1,4.986,0.551,0.0,0.0,0,0,0,,,
1,realistic,0,adaptive-no_sca_triage,28,H02-bad,H02,bad,CWE-89,java,sast,holdout,PASS,0,0,7.02,6.57,187.1,5.693,0.604,0.0,0.0,0,0,0,,,
1,realistic,0,adaptive-no_sanitizer_triage,28,H02-bad,H02,bad,CWE-89,java,sast,holdout,PASS,0,0,6.706,6.16,187.5,5.337,0.653,0.0,0.0,0,0,0,,,
1,realistic,0,adaptive-no_risk_threshold,28,H02-bad,H02,bad,CWE-89,java,sast,holdout,PASS,0,0,8.231,7.47,188.2,6.539,0.78,0.0,0.0,0,0,0,,,
1,realistic,0,adaptive-no_custom_rules,28,H02-bad,H02,bad,CWE-89,java,sast,holdout,PASS,0,0,6.858,6.16,187.4,5.318,0.704,0.0,0.0,0,0,0,,,
1,realistic,0,adaptive-no_language_aware,28,H02-bad,H02,bad,CWE-89,java,sast,holdout,PASS,0,0,10.169,10.03,252.1,8.839,0.531,0.0,0.0,0,0,0,,,
1,realistic,0,adaptive-no_differential,28,H02-bad,H02,bad,CWE-89,java,sast,holdout,PASS,0,0,12.522,12.42,262.8,9.013,0.553,1.808,0.152,6,0,0,,,
1,realistic,0,adaptive-no_differential,29,H11-good,H11,good,CWE-798,java,sast,holdout,PASS,0,0,12.126,12.13,275.3,9.033,0.595,1.479,0.119,6,0,0,,,
1,realistic,0,adaptive-no_language_aware,29,H11-good,H11,good,CWE-798,java,sast,holdout,PASS,0,0,10.491,10.22,250.2,9.123,0.551,0.0,0.0,0,0,0,,,
1,realistic,0,adaptive-no_custom_rules,29,H11-good,H11,good,CWE-798,java,sast,holdout,PASS,0,0,6.693,6.05,187.8,5.321,0.592,0.0,0.0,0,0,0,,,
1,realistic,0,adaptive-no_risk_threshold,29,H11-good,H11,good,CWE-798,java,sast,holdout,PASS,0,0,6.696,6.14,188.4,5.343,0.622,0.0,0.0,0,0,0,,,
1,realistic,0,adaptive-no_sanitizer_triage,29,H11-good,H11,good,CWE-798,java,sast,holdout,PASS,0,0,7.228,6.74,186.5,5.715,0.759,0.0,0.0,0,0,0,,,
1,realistic,0,adaptive-no_sca_triage,29,H11-good,H11,good,CWE-798,java,sast,holdout,PASS,0,0,6.748,6.06,187.5,5.374,0.57,0.0,0.0,0,0,0,,,
1,realistic,0,adaptive-no_sca_triage,30,J08-good,J08,good,CWE-22,java,sast,main,PASS,0,0,6.668,6.11,188.1,5.453,0.539,0.0,0.0,0,0,0,,,
1,realistic,0,adaptive-no_sanitizer_triage,30,J08-good,J08,good,CWE-22,java,sast,main,PASS,0,0,6.594,6.03,187.6,5.349,0.559,0.0,0.0,0,0,0,,,
1,realistic,0,adaptive-no_risk_threshold,30,J08-good,J08,good,CWE-22,java,sast,main,PASS,0,0,6.933,6.34,187.9,5.487,0.686,0.0,0.0,0,0,0,,,
1,realistic,0,adaptive-no_custom_rules,30,J08-good,J08,good,CWE-22,java,sast,main,PASS,0,0,7.0,6.39,187.7,5.647,0.599,0.0,0.0,0,0,0,,,
1,realistic,0,adaptive-no_language_aware,30,J08-good,J08,good,CWE-22,java,sast,main,PASS,0,0,10.178,9.81,250.4,8.602,0.643,0.0,0.0,0,0,0,,,
1,realistic,0,adaptive-no_differential,30,J08-good,J08,good,CWE-22,java,sast,main,PASS,0,0,12.315,12.06,275.0,9.247,0.566,1.521,0.093,6,0,0,,,
1,realistic,0,adaptive-no_differential,31,J10-good,J10,good,CWE-798,java,sast,main,PASS,0,0,12.493,12.48,278.2,9.68,0.553,1.336,0.099,6,0,0,,,
1,realistic,0,adaptive-no_language_aware,31,J10-good,J10,good,CWE-798,java,sast,main,PASS,0,0,11.605,11.34,236.5,10.101,0.68,0.0,0.0,0,0,0,,,
1,realistic,0,adaptive-no_custom_rules,31,J10-good,J10,good,CWE-798,java,sast,main,PASS,0,0,6.228,5.73,186.5,4.996,0.587,0.0,0.0,0,0,0,,,
1,realistic,0,adaptive-no_risk_threshold,31,J10-good,J10,good,CWE-798,java,sast,main,PASS,0,0,6.834,6.31,188.3,5.532,0.656,0.0,0.0,0,0,0,,,
1,realistic,0,adaptive-no_sanitizer_triage,31,J10-good,J10,good,CWE-798,java,sast,main,PASS,0,0,5.917,5.3,187.9,4.661,0.549,0.0,0.0,0,0,0,,,
1,realistic,0,adaptive-no_sca_triage,31,J10-good,J10,good,CWE-798,java,sast,main,PASS,0,0,6.013,5.33,187.5,4.705,0.516,0.0,0.0,0,0,0,,,
1,realistic,0,adaptive-no_sca_triage,32,J04-good,J04,good,CWE-79,java,sast,main,PASS,0,0,5.98,5.42,186.2,4.807,0.488,0.0,0.0,0,0,0,,,
1,realistic,0,adaptive-no_sanitizer_triage,32,J04-good,J04,good,CWE-79,java,sast,main,PASS,0,0,6.16,5.61,187.3,4.972,0.516,0.0,0.0,0,0,0,,,
1,realistic,0,adaptive-no_risk_threshold,32,J04-good,J04,good,CWE-79,java,sast,main,PASS,0,0,6.291,5.68,186.7,5.037,0.544,0.0,0.0,0,0,0,,,
1,realistic,0,adaptive-no_custom_rules,32,J04-good,J04,good,CWE-79,java,sast,main,PASS,0,0,5.65,5.07,186.6,4.455,0.509,0.0,0.0,0,0,0,,,
1,realistic,0,adaptive-no_language_aware,32,J04-good,J04,good,CWE-79,java,sast,main,PASS,0,0,10.021,9.76,243.3,8.523,0.633,0.0,0.0,0,0,0,,,
1,realistic,0,adaptive-no_differential,32,J04-good,J04,good,CWE-79,java,sast,main,PASS,0,0,11.657,11.53,258.6,8.41,0.603,1.692,0.095,6,0,0,,,
1,realistic,0,adaptive-no_differential,33,J03-bad,J03,bad,CWE-89,java,sast,main,BLOCK,1,1,11.538,11.41,278.1,8.612,0.538,1.495,0.097,7,1,1,,tainted-jdbc-nonweb,
1,realistic,0,adaptive-no_language_aware,33,J03-bad,J03,bad,CWE-89,java,sast,main,BLOCK,1,1,10.374,10.17,218.8,8.9,0.618,0.0,0.0,1,1,1,,tainted-jdbc-nonweb,
1,realistic,0,adaptive-no_custom_rules,33,J03-bad,J03,bad,CWE-89,java,sast,main,PASS,0,0,5.853,5.28,187.3,4.58,0.576,0.0,0.0,0,0,0,,,
1,realistic,0,adaptive-no_risk_threshold,33,J03-bad,J03,bad,CWE-89,java,sast,main,BLOCK,1,1,6.261,5.62,186.6,5.039,0.51,0.0,0.0,1,1,1,,tainted-jdbc-nonweb,
1,realistic,0,adaptive-no_sanitizer_triage,33,J03-bad,J03,bad,CWE-89,java,sast,main,BLOCK,1,1,5.77,5.27,188.2,4.634,0.502,0.0,0.0,1,1,1,,tainted-jdbc-nonweb,
1,realistic,0,adaptive-no_sca_triage,33,J03-bad,J03,bad,CWE-89,java,sast,main,BLOCK,1,1,6.006,5.47,186.5,4.813,0.552,0.0,0.0,1,1,1,,tainted-jdbc-nonweb,
1,realistic,0,adaptive-no_sca_triage,34,J06-good,J06,good,CWE-22,java,sast,main,PASS,0,0,6.163,5.65,188.8,4.972,0.566,0.0,0.0,0,0,0,,,
1,realistic,0,adaptive-no_sanitizer_triage,34,J06-good,J06,good,CWE-22,java,sast,main,PASS,0,0,6.605,6.03,188.2,5.341,0.574,0.0,0.0,0,0,0,,,
1,realistic,0,adaptive-no_risk_threshold,34,J06-good,J06,good,CWE-22,java,sast,main,PASS,0,0,6.071,5.52,187.2,4.863,0.534,0.0,0.0,0,0,0,,,
1,realistic,0,adaptive-no_custom_rules,34,J06-good,J06,good,CWE-22,java,sast,main,PASS,0,0,5.63,5.12,187.4,4.468,0.529,0.0,0.0,0,0,0,,,
1,realistic,0,adaptive-no_language_aware,34,J06-good,J06,good,CWE-22,java,sast,main,PASS,0,0,10.427,10.21,230.7,9.023,0.577,0.0,0.0,0,0,0,,,
1,realistic,0,adaptive-no_differential,34,J06-good,J06,good,CWE-22,java,sast,main,PASS,0,0,12.424,12.41,281.2,9.307,0.572,1.549,0.095,6,0,0,,,
1,realistic,0,adaptive-no_differential,35,H01-good,H01,good,CWE-89,java,sast,holdout,PASS,0,0,12.66,12.86,279.3,9.709,0.583,1.439,0.091,6,0,0,,,
1,realistic,0,adaptive-no_language_aware,35,H01-good,H01,good,CWE-89,java,sast,holdout,PASS,0,0,9.742,9.52,249.4,8.484,0.502,0.0,0.0,0,0,0,,,
1,realistic,0,adaptive-no_custom_rules,35,H01-good,H01,good,CWE-89,java,sast,holdout,PASS,0,0,5.534,5.06,188.4,4.446,0.495,0.0,0.0,0,0,0,,,
1,realistic,0,adaptive-no_risk_threshold,35,H01-good,H01,good,CWE-89,java,sast,holdout,PASS,0,0,5.847,5.38,188.5,4.717,0.506,0.0,0.0,0,0,0,,,
1,realistic,0,adaptive-no_sanitizer_triage,35,H01-good,H01,good,CWE-89,java,sast,holdout,PASS,0,0,5.946,5.43,190.0,4.819,0.513,0.0,0.0,0,0,0,,,
1,realistic,0,adaptive-no_sca_triage,35,H01-good,H01,good,CWE-89,java,sast,holdout,PASS,0,0,6.258,5.74,189.5,5.035,0.573,0.0,0.0,0,0,0,,,
1,realistic,0,adaptive-no_sca_triage,36,J09-good,J09,good,CWE-798,java,sast,main,PASS,0,0,6.179,5.6,189.1,4.903,0.571,0.0,0.0,0,0,0,,,
1,realistic,0,adaptive-no_sanitizer_triage,36,J09-good,J09,good,CWE-798,java,sast,main,PASS,0,0,5.885,5.31,187.9,4.666,0.529,0.0,0.0,0,0,0,,,
1,realistic,0,adaptive-no_risk_threshold,36,J09-good,J09,good,CWE-798,java,sast,main,PASS,0,0,5.869,5.36,188.1,4.708,0.523,0.0,0.0,0,0,0,,,
1,realistic,0,adaptive-no_custom_rules,36,J09-good,J09,good,CWE-798,java,sast,main,PASS,0,0,6.052,5.51,186.7,4.821,0.562,0.0,0.0,0,0,0,,,
1,realistic,0,adaptive-no_language_aware,36,J09-good,J09,good,CWE-798,java,sast,main,PASS,0,0,10.771,10.48,250.4,9.227,0.675,0.0,0.0,0,0,0,,,
1,realistic,0,adaptive-no_differential,36,J09-good,J09,good,CWE-798,java,sast,main,PASS,0,0,12.01,11.72,280.9,8.753,0.65,1.532,0.116,6,0,0,,,
1,realistic,0,adaptive-no_differential,37,H08-good,H08,good,CWE-22,java,sast,holdout,PASS,0,0,11.978,11.85,281.8,9.004,0.569,1.513,0.091,6,0,0,,,
1,realistic,0,adaptive-no_language_aware,37,H08-good,H08,good,CWE-22,java,sast,holdout,PASS,0,0,9.277,8.95,250.5,7.934,0.525,0.0,0.0,0,0,0,,,
1,realistic,0,adaptive-no_custom_rules,37,H08-good,H08,good,CWE-22,java,sast,holdout,PASS,0,0,5.98,5.38,186.9,4.383,0.84,0.0,0.0,0,0,0,,,
1,realistic,0,adaptive-no_risk_threshold,37,H08-good,H08,good,CWE-22,java,sast,holdout,PASS,0,0,6.757,6.19,188.5,5.458,0.59,0.0,0.0,0,0,0,,,
1,realistic,0,adaptive-no_sanitizer_triage,37,H08-good,H08,good,CWE-22,java,sast,holdout,PASS,0,0,6.332,5.77,186.7,4.989,0.654,0.0,0.0,0,0,0,,,
1,realistic,0,adaptive-no_sca_triage,37,H08-good,H08,good,CWE-22,java,sast,holdout,PASS,0,0,5.916,5.39,189.6,4.773,0.516,0.0,0.0,0,0,0,,,
1,realistic,0,adaptive-no_sca_triage,38,J02-good,J02,good,CWE-89,java,sast,main,PASS,0,0,6.039,5.49,188.3,4.853,0.554,0.0,0.0,0,0,0,,,
1,realistic,0,adaptive-no_sanitizer_triage,38,J02-good,J02,good,CWE-89,java,sast,main,PASS,0,0,6.933,6.12,188.0,5.469,0.52,0.0,0.0,0,0,0,,,
1,realistic,0,adaptive-no_risk_threshold,38,J02-good,J02,good,CWE-89,java,sast,main,PASS,0,0,6.542,5.96,188.0,5.189,0.644,0.0,0.0,0,0,0,,,
1,realistic,0,adaptive-no_custom_rules,38,J02-good,J02,good,CWE-89,java,sast,main,PASS,0,0,6.119,5.53,186.8,4.861,0.512,0.0,0.0,0,0,0,,,
1,realistic,0,adaptive-no_language_aware,38,J02-good,J02,good,CWE-89,java,sast,main,PASS,0,0,9.239,9.01,249.7,7.924,0.553,0.0,0.0,0,0,0,,,
1,realistic,0,adaptive-no_differential,38,J02-good,J02,good,CWE-89,java,sast,main,PASS,0,0,11.526,11.37,246.7,8.553,0.565,1.497,0.089,6,0,0,,,
1,realistic,0,adaptive-no_differential,39,J11-bad,J11,bad,CWE-798,java,sast,main,BLOCK,1,1,12.328,12.55,277.7,9.5,0.577,1.334,0.101,8,1,1,,hardcoded-credential,
1,realistic,0,adaptive-no_language_aware,39,J11-bad,J11,bad,CWE-798,java,sast,main,BLOCK,1,1,10.913,10.49,248.9,9.455,0.536,0.0,0.0,2,1,1,,hardcoded-credential,
1,realistic,0,adaptive-no_custom_rules,39,J11-bad,J11,bad,CWE-798,java,sast,main,PASS,0,0,5.64,5.12,186.8,4.512,0.51,0.0,0.0,1,0,0,,,
1,realistic,0,adaptive-no_risk_threshold,39,J11-bad,J11,bad,CWE-798,java,sast,main,BLOCK,1,1,6.727,6.31,187.5,5.562,0.527,0.0,0.0,2,2,2,,hardcoded-credential;use-of-default-aes,
1,realistic,0,adaptive-no_sanitizer_triage,39,J11-bad,J11,bad,CWE-798,java,sast,main,BLOCK,1,1,6.233,5.7,187.8,5.05,0.544,0.0,0.0,2,1,1,,hardcoded-credential,
1,realistic,0,adaptive-no_sca_triage,39,J11-bad,J11,bad,CWE-798,java,sast,main,BLOCK,1,1,6.095,5.5,187.0,4.762,0.63,0.0,0.0,2,1,1,,hardcoded-credential,
1,realistic,0,adaptive-no_sca_triage,40,J03-good,J03,good,CWE-89,java,sast,main,PASS,0,0,6.243,5.75,188.2,4.928,0.688,0.0,0.0,0,0,0,,,
1,realistic,0,adaptive-no_sanitizer_triage,40,J03-good,J03,good,CWE-89,java,sast,main,PASS,0,0,6.755,6.1,187.0,5.356,0.6,0.0,0.0,0,0,0,,,
1,realistic,0,adaptive-no_risk_threshold,40,J03-good,J03,good,CWE-89,java,sast,main,PASS,0,0,9.15,8.26,188.7,7.435,0.665,0.0,0.0,0,0,0,,,
1,realistic,0,adaptive-no_custom_rules,40,J03-good,J03,good,CWE-89,java,sast,main,PASS,0,0,6.285,5.68,186.2,5.011,0.536,0.0,0.0,0,0,0,,,
1,realistic,0,adaptive-no_language_aware,40,J03-good,J03,good,CWE-89,java,sast,main,PASS,0,0,11.422,11.13,240.6,9.741,0.669,0.0,0.0,0,0,0,,,
1,realistic,0,adaptive-no_differential,40,J03-good,J03,good,CWE-89,java,sast,main,PASS,0,0,11.951,11.63,240.6,8.827,0.56,1.523,0.088,6,0,0,,,
1,realistic,0,adaptive-no_differential,41,J05-bad,J05,bad,CWE-79,java,sast,main,BLOCK,1,1,11.885,11.75,275.5,8.766,0.626,1.543,0.101,8,2,1,,no-direct-response-writer;tainted-servlet-writer,
1,realistic,0,adaptive-no_language_aware,41,J05-bad,J05,bad,CWE-79,java,sast,main,BLOCK,1,1,11.115,10.9,252.2,9.606,0.641,0.0,0.0,2,2,1,,no-direct-response-writer;tainted-servlet-writer,
1,realistic,0,adaptive-no_custom_rules,41,J05-bad,J05,bad,CWE-79,java,sast,main,BLOCK,1,1,7.39,6.76,187.1,5.902,0.683,0.0,0.0,1,1,1,,no-direct-response-writer,
1,realistic,0,adaptive-no_risk_threshold,41,J05-bad,J05,bad,CWE-79,java,sast,main,BLOCK,1,1,6.913,6.31,188.0,5.439,0.741,0.0,0.0,2,2,1,,no-direct-response-writer;tainted-servlet-writer,
1,realistic,0,adaptive-no_sanitizer_triage,41,J05-bad,J05,bad,CWE-79,java,sast,main,BLOCK,1,1,13.01,11.4,187.0,9.946,1.167,0.0,0.0,2,2,1,,no-direct-response-writer;tainted-servlet-writer,
1,realistic,0,adaptive-no_sca_triage,41,J05-bad,J05,bad,CWE-79,java,sast,main,BLOCK,1,1,7.309,6.47,187.9,5.476,0.756,0.0,0.0,2,2,1,,no-direct-response-writer;tainted-servlet-writer,
1,realistic,0,adaptive-no_sca_triage,42,J06-bad,J06,bad,CWE-22,java,sast,main,BLOCK,1,1,6.641,5.99,187.9,5.282,0.56,0.0,0.0,4,4,1,,httpservlet-path-traversal;tainted-file-access,
1,realistic,0,adaptive-no_sanitizer_triage,42,J06-bad,J06,bad,CWE-22,java,sast,main,BLOCK,1,1,6.602,6.05,187.2,5.257,0.64,0.0,0.0,4,4,1,,httpservlet-path-traversal;tainted-file-access,
1,realistic,0,adaptive-no_risk_threshold,42,J06-bad,J06,bad,CWE-22,java,sast,main,BLOCK,1,1,6.035,5.55,188.9,4.818,0.536,0.0,0.0,4,4,1,,httpservlet-path-traversal;tainted-file-access,
1,realistic,0,adaptive-no_custom_rules,42,J06-bad,J06,bad,CWE-22,java,sast,main,BLOCK,1,1,6.141,5.6,186.4,4.845,0.595,0.0,0.0,2,2,1,,httpservlet-path-traversal,
1,realistic,0,adaptive-no_language_aware,42,J06-bad,J06,bad,CWE-22,java,sast,main,BLOCK,1,1,11.386,11.17,250.3,10.018,0.543,0.0,0.0,4,4,1,,httpservlet-path-traversal;tainted-file-access,
1,realistic,0,adaptive-no_differential,42,J06-bad,J06,bad,CWE-22,java,sast,main,BLOCK,1,1,12.223,11.97,274.1,9.068,0.516,1.699,0.091,10,4,1,,httpservlet-path-traversal;tainted-file-access,
1,realistic,0,adaptive-no_differential,43,H04-bad,H04,bad,CWE-89,java,sast,holdout,BLOCK,1,1,11.9,11.91,270.1,9.066,0.535,1.344,0.1,9,3,1,,formatted-sql-string;tainted-jdbc;tainted-sql-from-http-request,
1,realistic,0,adaptive-no_language_aware,43,H04-bad,H04,bad,CWE-89,java,sast,holdout,BLOCK,1,1,10.907,10.79,250.0,9.494,0.642,0.0,0.0,3,3,1,,formatted-sql-string;tainted-jdbc;tainted-sql-from-http-request,
1,realistic,0,adaptive-no_custom_rules,43,H04-bad,H04,bad,CWE-89,java,sast,holdout,BLOCK,1,1,6.667,6.06,188.2,5.441,0.502,0.0,0.0,2,2,1,,formatted-sql-string;tainted-sql-from-http-request,
1,realistic,0,adaptive-no_risk_threshold,43,H04-bad,H04,bad,CWE-89,java,sast,holdout,BLOCK,1,1,6.167,5.64,187.0,4.989,0.514,0.0,0.0,3,3,1,,formatted-sql-string;tainted-jdbc;tainted-sql-from-http-request,
1,realistic,0,adaptive-no_sanitizer_triage,43,H04-bad,H04,bad,CWE-89,java,sast,holdout,BLOCK,1,1,6.205,5.65,187.4,4.921,0.593,0.0,0.0,3,3,1,,formatted-sql-string;tainted-jdbc;tainted-sql-from-http-request,
1,realistic,0,adaptive-no_sca_triage,43,H04-bad,H04,bad,CWE-89,java,sast,holdout,BLOCK,1,1,6.407,5.78,187.7,5.172,0.5,0.0,0.0,3,3,1,,formatted-sql-string;tainted-jdbc;tainted-sql-from-http-request,
1,realistic,0,adaptive-no_sca_triage,44,P01-bad,P01,bad,CWE-89,python,sast,main,BLOCK,1,1,8.205,8.03,252.0,6.967,0.525,0.0,0.0,2,1,1,,tainted-dbapi,
1,realistic,0,adaptive-no_sanitizer_triage,44,P01-bad,P01,bad,CWE-89,python,sast,main,BLOCK,1,1,8.095,7.86,253.3,6.847,0.515,0.0,0.0,2,1,1,,tainted-dbapi,
1,realistic,0,adaptive-no_risk_threshold,44,P01-bad,P01,bad,CWE-89,python,sast,main,BLOCK,1,1,8.458,8.41,253.7,7.175,0.546,0.0,0.0,2,2,2,,tainted-dbapi;tainted-sql-string,
1,realistic,0,adaptive-no_custom_rules,44,P01-bad,P01,bad,CWE-89,python,sast,main,PASS,0,0,8.009,7.83,250.8,6.696,0.51,0.0,0.0,1,0,0,,,
1,realistic,0,adaptive-no_language_aware,44,P01-bad,P01,bad,CWE-89,python,sast,main,BLOCK,1,1,9.906,9.79,257.2,8.576,0.518,0.0,0.0,2,1,1,,tainted-dbapi,
1,realistic,0,adaptive-no_differential,44,P01-bad,P01,bad,CWE-89,python,sast,main,BLOCK,1,1,11.289,10.94,279.5,8.268,0.558,1.448,0.089,8,1,1,,tainted-dbapi,
1,realistic,0,adaptive-no_differential,45,H11-bad,H11,bad,CWE-798,java,sast,holdout,BLOCK,1,1,11.038,11.09,278.8,8.368,0.505,1.288,0.09,7,1,1,,hardcoded-credential,
1,realistic,0,adaptive-no_language_aware,45,H11-bad,H11,bad,CWE-798,java,sast,holdout,BLOCK,1,1,9.177,9.03,249.8,7.98,0.496,0.0,0.0,1,1,1,,hardcoded-credential,
1,realistic,0,adaptive-no_custom_rules,45,H11-bad,H11,bad,CWE-798,java,sast,holdout,PASS,0,0,5.326,4.85,187.1,4.237,0.505,0.0,0.0,0,0,0,,,
1,realistic,0,adaptive-no_risk_threshold,45,H11-bad,H11,bad,CWE-798,java,sast,holdout,BLOCK,1,1,5.819,5.23,187.5,4.615,0.526,0.0,0.0,1,1,1,,hardcoded-credential,
1,realistic,0,adaptive-no_sanitizer_triage,45,H11-bad,H11,bad,CWE-798,java,sast,holdout,BLOCK,1,1,5.718,5.19,188.7,4.547,0.52,0.0,0.0,1,1,1,,hardcoded-credential,
1,realistic,0,adaptive-no_sca_triage,45,H11-bad,H11,bad,CWE-798,java,sast,holdout,BLOCK,1,1,5.889,5.36,187.4,4.699,0.523,0.0,0.0,1,1,1,,hardcoded-credential,
1,realistic,0,adaptive-no_sca_triage,46,H06-good,H06,good,CWE-79,java,sast,holdout,PASS,0,0,5.713,5.23,187.9,4.595,0.511,0.0,0.0,0,0,0,,,
1,realistic,0,adaptive-no_sanitizer_triage,46,H06-good,H06,good,CWE-79,java,sast,holdout,PASS,0,0,5.709,5.22,187.6,4.578,0.503,0.0,0.0,0,0,0,,,
1,realistic,0,adaptive-no_risk_threshold,46,H06-good,H06,good,CWE-79,java,sast,holdout,PASS,0,0,5.908,5.36,187.3,4.689,0.579,0.0,0.0,0,0,0,,,
1,realistic,0,adaptive-no_custom_rules,46,H06-good,H06,good,CWE-79,java,sast,holdout,PASS,0,0,5.492,4.96,186.6,4.361,0.498,0.0,0.0,0,0,0,,,
1,realistic,0,adaptive-no_language_aware,46,H06-good,H06,good,CWE-79,java,sast,holdout,PASS,0,0,9.812,9.58,251.2,8.566,0.507,0.0,0.0,0,0,0,,,
1,realistic,0,adaptive-no_differential,46,H06-good,H06,good,CWE-79,java,sast,holdout,PASS,0,0,11.724,11.4,253.9,8.614,0.584,1.489,0.105,6,0,0,,,
1,realistic,0,adaptive-no_differential,47,P03-bad,P03,bad,CWE-22,python,sast,main,BLOCK,1,1,11.329,11.31,242.2,8.428,0.616,1.278,0.099,8,1,1,,tainted-open,
1,realistic,0,adaptive-no_language_aware,47,P03-bad,P03,bad,CWE-22,python,sast,main,BLOCK,1,1,9.773,9.56,260.7,8.357,0.536,0.0,0.0,2,1,1,,tainted-open,
1,realistic,0,adaptive-no_custom_rules,47,P03-bad,P03,bad,CWE-22,python,sast,main,PASS,0,0,9.02,8.77,254.0,7.573,0.622,0.0,0.0,1,0,0,,,
1,realistic,0,adaptive-no_risk_threshold,47,P03-bad,P03,bad,CWE-22,python,sast,main,BLOCK,1,1,9.166,8.79,237.5,7.725,0.536,0.0,0.0,2,2,1,,path-traversal-open;tainted-open,
1,realistic,0,adaptive-no_sanitizer_triage,47,P03-bad,P03,bad,CWE-22,python,sast,main,BLOCK,1,1,8.027,7.72,253.1,6.669,0.546,0.0,0.0,2,1,1,,tainted-open,
1,realistic,0,adaptive-no_sca_triage,47,P03-bad,P03,bad,CWE-22,python,sast,main,BLOCK,1,1,9.109,9.02,251.4,7.817,0.57,0.0,0.0,2,1,1,,tainted-open,
1,realistic,0,adaptive-no_sca_triage,48,J11-good,J11,good,CWE-798,java,sast,main,PASS,0,0,6.012,5.46,187.1,4.816,0.54,0.0,0.0,1,0,0,,,
1,realistic,0,adaptive-no_sanitizer_triage,48,J11-good,J11,good,CWE-798,java,sast,main,PASS,0,0,6.002,5.45,189.5,4.737,0.617,0.0,0.0,1,0,0,,,
1,realistic,0,adaptive-no_risk_threshold,48,J11-good,J11,good,CWE-798,java,sast,main,BLOCK,1,1,6.251,5.71,187.6,5.077,0.52,0.0,0.0,1,1,1,,use-of-default-aes,
1,realistic,0,adaptive-no_custom_rules,48,J11-good,J11,good,CWE-798,java,sast,main,PASS,0,0,5.666,5.15,186.7,4.476,0.571,0.0,0.0,1,0,0,,,
1,realistic,0,adaptive-no_language_aware,48,J11-good,J11,good,CWE-798,java,sast,main,PASS,0,0,10.251,10.0,251.6,8.824,0.605,0.0,0.0,1,0,0,,,
1,realistic,0,adaptive-no_differential,48,J11-good,J11,good,CWE-798,java,sast,main,PASS,0,0,11.925,11.95,251.1,8.782,0.564,1.598,0.094,7,0,0,,,
1,realistic,0,adaptive-no_differential,49,P02-bad,P02,bad,CWE-79,python,sast,main,BLOCK,1,1,11.698,11.46,245.5,8.558,0.56,1.499,0.086,9,2,1,,raw-html-format;tainted-flask-response,
1,realistic,0,adaptive-no_language_aware,49,P02-bad,P02,bad,CWE-79,python,sast,main,BLOCK,1,1,9.501,9.34,221.9,8.237,0.541,0.0,0.0,3,2,1,,raw-html-format;tainted-flask-response,
1,realistic,0,adaptive-no_custom_rules,49,P02-bad,P02,bad,CWE-79,python,sast,main,BLOCK,1,1,7.762,7.65,251.9,6.585,0.501,0.0,0.0,2,1,1,,raw-html-format,
1,realistic,0,adaptive-no_risk_threshold,49,P02-bad,P02,bad,CWE-79,python,sast,main,BLOCK,1,1,8.452,8.26,250.3,7.154,0.61,0.0,0.0,3,3,1,,raw-html-format;tainted-flask-response,
1,realistic,0,adaptive-no_sanitizer_triage,49,P02-bad,P02,bad,CWE-79,python,sast,main,BLOCK,1,1,8.771,8.63,253.5,7.506,0.536,0.0,0.0,3,2,1,,raw-html-format;tainted-flask-response,
1,realistic,0,adaptive-no_sca_triage,49,P02-bad,P02,bad,CWE-79,python,sast,main,BLOCK,1,1,8.241,8.03,251.4,6.975,0.52,0.0,0.0,3,2,1,,raw-html-format;tainted-flask-response,
1,realistic,0,adaptive-no_sca_triage,50,H10-good,H10,good,CWE-22,java,sast,holdout,PASS,0,0,7.02,6.15,187.8,5.33,0.661,0.0,0.0,0,0,0,,,
1,realistic,0,adaptive-no_sanitizer_triage,50,H10-good,H10,good,CWE-22,java,sast,holdout,PASS,0,0,5.997,5.39,186.8,4.788,0.513,0.0,0.0,0,0,0,,,
1,realistic,0,adaptive-no_risk_threshold,50,H10-good,H10,good,CWE-22,java,sast,holdout,PASS,0,0,6.164,5.62,188.9,5.012,0.508,0.0,0.0,0,0,0,,,
1,realistic,0,adaptive-no_custom_rules,50,H10-good,H10,good,CWE-22,java,sast,holdout,PASS,0,0,5.771,5.21,188.5,4.604,0.519,0.0,0.0,0,0,0,,,
1,realistic,0,adaptive-no_language_aware,50,H10-good,H10,good,CWE-22,java,sast,holdout,PASS,0,0,9.768,9.45,249.9,8.409,0.535,0.0,0.0,0,0,0,,,
1,realistic,0,adaptive-no_differential,50,H10-good,H10,good,CWE-22,java,sast,holdout,PASS,0,0,11.415,11.31,275.0,8.501,0.512,1.484,0.089,6,0,0,,,
1,realistic,0,adaptive-no_differential,51,P04-bad,P04,bad,CWE-798,python,sast,main,BLOCK,1,1,11.873,11.88,282.0,8.846,0.588,1.462,0.117,9,3,1,,generic-api-key;hardcoded-credential-variable;jwt-python-hardcoded-secret,
1,realistic,0,adaptive-no_language_aware,51,P04-bad,P04,bad,CWE-798,python,sast,main,BLOCK,1,1,9.72,9.48,256.3,8.37,0.528,0.0,0.0,3,3,1,,generic-api-key;hardcoded-credential-variable;jwt-python-hardcoded-secret,
1,realistic,0,adaptive-no_custom_rules,51,P04-bad,P04,bad,CWE-798,python,sast,main,BLOCK,1,1,7.771,7.63,219.6,6.494,0.528,0.0,0.0,2,2,1,,generic-api-key;jwt-python-hardcoded-secret,
1,realistic,0,adaptive-no_risk_threshold,51,P04-bad,P04,bad,CWE-798,python,sast,main,BLOCK,1,1,8.78,8.57,250.0,7.492,0.549,0.0,0.0,3,3,1,,generic-api-key;hardcoded-credential-variable;jwt-python-hardcoded-secret,
1,realistic,0,adaptive-no_sanitizer_triage,51,P04-bad,P04,bad,CWE-798,python,sast,main,BLOCK,1,1,8.178,7.98,251.1,6.898,0.533,0.0,0.0,3,3,1,,generic-api-key;hardcoded-credential-variable;jwt-python-hardcoded-secret,
1,realistic,0,adaptive-no_sca_triage,51,P04-bad,P04,bad,CWE-798,python,sast,main,BLOCK,1,1,8.286,8.05,253.8,7.019,0.536,0.0,0.0,3,3,1,,generic-api-key;hardcoded-credential-variable;jwt-python-hardcoded-secret,
1,realistic,0,adaptive-no_sca_triage,52,H04-good,H04,good,CWE-89,java,sast,holdout,PASS,0,0,6.047,5.49,188.4,4.881,0.514,0.0,0.0,0,0,0,,,
1,realistic,0,adaptive-no_sanitizer_triage,52,H04-good,H04,good,CWE-89,java,sast,holdout,PASS,0,0,6.264,5.85,187.4,5.072,0.571,0.0,0.0,0,0,0,,,
1,realistic,0,adaptive-no_risk_threshold,52,H04-good,H04,good,CWE-89,java,sast,holdout,PASS,0,0,6.665,6.15,187.1,5.222,0.71,0.0,0.0,0,0,0,,,
1,realistic,0,adaptive-no_custom_rules,52,H04-good,H04,good,CWE-89,java,sast,holdout,PASS,0,0,6.164,5.52,186.8,4.85,0.569,0.0,0.0,0,0,0,,,
1,realistic,0,adaptive-no_language_aware,52,H04-good,H04,good,CWE-89,java,sast,holdout,PASS,0,0,9.925,9.63,252.0,8.472,0.588,0.0,0.0,0,0,0,,,
1,realistic,0,adaptive-no_differential,52,H04-good,H04,good,CWE-89,java,sast,holdout,PASS,0,0,11.667,11.6,279.1,8.704,0.544,1.534,0.09,6,0,0,,,
1,realistic,0,adaptive-no_differential,53,H09-good,H09,good,CWE-22,java,sast,holdout,PASS,0,0,11.442,11.61,240.3,8.676,0.566,1.317,0.086,6,0,0,,,
1,realistic,0,adaptive-no_language_aware,53,H09-good,H09,good,CWE-22,java,sast,holdout,PASS,0,0,9.329,9.08,250.8,8.069,0.495,0.0,0.0,0,0,0,,,
1,realistic,0,adaptive-no_custom_rules,53,H09-good,H09,good,CWE-22,java,sast,holdout,PASS,0,0,5.591,5.08,186.8,4.444,0.537,0.0,0.0,0,0,0,,,
1,realistic,0,adaptive-no_risk_threshold,53,H09-good,H09,good,CWE-22,java,sast,holdout,PASS,0,0,5.925,5.39,187.4,4.725,0.512,0.0,0.0,0,0,0,,,
1,realistic,0,adaptive-no_sanitizer_triage,53,H09-good,H09,good,CWE-22,java,sast,holdout,PASS,0,0,5.766,5.23,188.8,4.614,0.514,0.0,0.0,0,0,0,,,
1,realistic,0,adaptive-no_sca_triage,53,H09-good,H09,good,CWE-22,java,sast,holdout,PASS,0,0,6.059,5.61,187.6,4.784,0.65,0.0,0.0,0,0,0,,,
1,realistic,0,adaptive-no_sca_triage,54,S03-good,S03,good,CWE-1395,python,sca,main,PASS,0,0,9.672,9.3,255.7,6.73,0.497,1.567,0.086,0,0,0,,,
1,realistic,0,adaptive-no_sanitizer_triage,54,S03-good,S03,good,CWE-1395,python,sca,main,PASS,0,0,9.606,9.31,241.8,6.719,0.545,1.457,0.085,0,0,0,,,
1,realistic,0,adaptive-no_risk_threshold,54,S03-good,S03,good,CWE-1395,python,sca,main,PASS,0,0,9.315,9.14,255.6,6.604,0.535,1.295,0.123,0,0,0,,,
1,realistic,0,adaptive-no_custom_rules,54,S03-good,S03,good,CWE-1395,python,sca,main,PASS,0,0,9.198,8.86,256.3,6.332,0.496,1.392,0.112,0,0,0,,,
1,realistic,0,adaptive-no_language_aware,54,S03-good,S03,good,CWE-1395,python,sca,main,PASS,0,0,11.696,11.55,236.7,8.56,0.617,1.46,0.153,0,0,0,,,
1,realistic,0,adaptive-no_differential,54,S03-good,S03,good,CWE-1395,python,sca,main,PASS,0,0,12.436,12.21,280.3,8.964,0.67,1.765,0.099,6,0,0,,,
1,realistic,0,adaptive-no_differential,55,J04-bad,J04,bad,CWE-79,java,sast,main,BLOCK,1,1,12.09,12.13,267.7,9.063,0.513,1.554,0.108,8,2,1,,no-direct-response-writer;tainted-servlet-writer,
1,realistic,0,adaptive-no_language_aware,55,J04-bad,J04,bad,CWE-79,java,sast,main,BLOCK,1,1,11.014,10.98,251.0,9.702,0.526,0.0,0.0,2,2,1,,no-direct-response-writer;tainted-servlet-writer,
1,realistic,0,adaptive-no_custom_rules,55,J04-bad,J04,bad,CWE-79,java,sast,main,BLOCK,1,1,5.972,5.4,187.4,4.777,0.512,0.0,0.0,1,1,1,,no-direct-response-writer,
1,realistic,0,adaptive-no_risk_threshold,55,J04-bad,J04,bad,CWE-79,java,sast,main,BLOCK,1,1,6.103,5.53,188.3,4.904,0.538,0.0,0.0,2,2,1,,no-direct-response-writer;tainted-servlet-writer,
1,realistic,0,adaptive-no_sanitizer_triage,55,J04-bad,J04,bad,CWE-79,java,sast,main,BLOCK,1,1,6.149,5.61,188.4,4.942,0.542,0.0,0.0,2,2,1,,no-direct-response-writer;tainted-servlet-writer,
1,realistic,0,adaptive-no_sca_triage,55,J04-bad,J04,bad,CWE-79,java,sast,main,BLOCK,1,1,6.429,5.89,188.0,5.201,0.571,0.0,0.0,2,2,1,,no-direct-response-writer;tainted-servlet-writer,
